country,year,variant,gender,freq,age1yearinterval,survivorage
454,1950,estimates,female,5yearly,0,100000
454,1950,estimates,male,5yearly,0,100000
454,1950,estimates,female,5yearly,1,81087.633227161
454,1950,estimates,male,5yearly,1,79354.5629398873
454,1950,estimates,female,5yearly,5,65587.6169168702
454,1950,estimates,male,5yearly,5,64861.0371878824
454,1950,estimates,female,5yearly,10,62608.5245708212
454,1950,estimates,male,5yearly,10,62161.7314920777
454,1950,estimates,female,5yearly,15,61039.3249521321
454,1950,estimates,male,5yearly,15,60877.3860072627
454,1950,estimates,female,5yearly,20,58911.0602790328
454,1950,estimates,male,5yearly,20,58976.3989195217
454,1950,estimates,female,5yearly,25,56343.5278830944
454,1950,estimates,male,5yearly,25,56186.99754496
454,1950,estimates,female,5yearly,30,53674.6505556182
454,1950,estimates,male,5yearly,30,53543.6331794971
454,1950,estimates,female,5yearly,35,51037.8178095136
454,1950,estimates,male,5yearly,35,50974.0135145087
454,1950,estimates,female,5yearly,40,48346.8944072935
454,1950,estimates,male,5yearly,40,48248.3308617526
454,1950,estimates,female,5yearly,45,45678.6035653442
454,1950,estimates,male,5yearly,45,45141.8627750628
454,1950,estimates,female,5yearly,50,42940.3984983949
454,1950,estimates,male,5yearly,50,41662.726112925
454,1950,estimates,female,5yearly,55,39560.6878779514
454,1950,estimates,male,5yearly,55,37509.0400739132
454,1950,estimates,female,5yearly,60,35310.7945394733
454,1950,estimates,male,5yearly,60,32518.1021352628
454,1950,estimates,female,5yearly,65,29268.6503919803
454,1950,estimates,male,5yearly,65,26259.1589736927
454,1950,estimates,female,5yearly,70,21766.8386144373
454,1950,estimates,male,5yearly,70,19077.6938061311
454,1950,estimates,female,5yearly,75,13338.332303334
454,1950,estimates,male,5yearly,75,11464.387074289
454,1950,estimates,female,5yearly,80,6029.71018710757
454,1950,estimates,male,5yearly,80,5070.10472787549
454,1950,estimates,female,5yearly,85,1701.54114420584
454,1950,estimates,male,5yearly,85,1407.44694939308
454,1950,estimates,female,5yearly,90,263.787812958113
454,1950,estimates,male,5yearly,90,204.977533219325
454,1950,estimates,female,5yearly,95,22.7427909360903
454,1950,estimates,male,5yearly,95,15.5482043728303
454,1955,estimates,female,5yearly,0,100000
454,1955,estimates,male,5yearly,0,100000
454,1955,estimates,female,5yearly,1,81614.238546426
454,1955,estimates,male,5yearly,1,79910.4943477021
454,1955,estimates,female,5yearly,5,66647.6634390149
454,1955,estimates,male,5yearly,5,65878.9197150482
454,1955,estimates,female,5yearly,10,63751.153193775
454,1955,estimates,male,5yearly,10,63245.6346866935
454,1955,estimates,female,5yearly,15,62218.4428117559
454,1955,estimates,male,5yearly,15,61986.2357692911
454,1955,estimates,female,5yearly,20,60134.4290439986
454,1955,estimates,male,5yearly,20,60120.0543013227
454,1955,estimates,female,5yearly,25,57615.3269291713
454,1955,estimates,male,5yearly,25,57376.8582835257
454,1955,estimates,female,5yearly,30,54989.3172978363
454,1955,estimates,male,5yearly,30,54773.8823951179
454,1955,estimates,female,5yearly,35,52390.3242278986
454,1955,estimates,male,5yearly,35,52231.4293188874
454,1955,estimates,female,5yearly,40,49728.5104151323
454,1955,estimates,male,5yearly,40,49526.914884842
454,1955,estimates,female,5yearly,45,47076.4964077497
454,1955,estimates,male,5yearly,45,46432.5773003315
454,1955,estimates,female,5yearly,50,44342.4757094189
454,1955,estimates,male,5yearly,50,42950.9847441779
454,1955,estimates,female,5yearly,55,40956.1665205568
454,1955,estimates,male,5yearly,55,38773.1670789775
454,1955,estimates,female,5yearly,60,36682.511706776
454,1955,estimates,male,5yearly,60,33728.6151129801
454,1955,estimates,female,5yearly,65,30583.6082975373
454,1955,estimates,male,5yearly,65,27373.9801878438
454,1955,estimates,female,5yearly,70,22948.0642996306
454,1955,estimates,male,5yearly,70,20033.7092880416
454,1955,estimates,female,5yearly,75,14260.5796063026
454,1955,estimates,male,5yearly,75,12173.468091487
454,1955,estimates,female,5yearly,80,6585.79530853256
454,1955,estimates,male,5yearly,80,5472.52537567131
454,1955,estimates,female,5yearly,85,1916.06532731148
454,1955,estimates,male,5yearly,85,1554.28657505439
454,1955,estimates,female,5yearly,90,308.272792851469
454,1955,estimates,male,5yearly,90,232.709677056295
454,1955,estimates,female,5yearly,95,27.4405908042884
454,1955,estimates,male,5yearly,95,18.0454555439682
454,1960,estimates,female,5yearly,0,100000
454,1960,estimates,male,5yearly,0,100000
454,1960,estimates,female,5yearly,1,82273.3682128809
454,1960,estimates,male,5yearly,1,80577.1146673299
454,1960,estimates,female,5yearly,5,67993.6793486839
454,1960,estimates,male,5yearly,5,67100.7221119234
454,1960,estimates,female,5yearly,10,65208.1831106117
454,1960,estimates,male,5yearly,10,64552.6847109109
454,1960,estimates,female,5yearly,15,63725.0359172628
454,1960,estimates,male,5yearly,15,63324.3646389248
454,1960,estimates,female,5yearly,20,61701.3492348318
454,1960,estimates,male,5yearly,20,61501.7680707453
454,1960,estimates,female,5yearly,25,59248.977881011
454,1960,estimates,male,5yearly,25,58816.795575509
454,1960,estimates,female,5yearly,30,56682.6117616945
454,1960,estimates,male,5yearly,30,56265.2705074042
454,1960,estimates,female,5yearly,35,54137.3668879234
454,1960,estimates,male,5yearly,35,53758.3892621682
454,1960,estimates,female,5yearly,40,51517.9335032529
454,1960,estimates,male,5yearly,40,51082.4808916665
454,1960,estimates,female,5yearly,45,48891.3406535671
454,1960,estimates,male,5yearly,45,48006.3874370428
454,1960,estimates,female,5yearly,50,46166.8997863416
454,1960,estimates,male,5yearly,50,44525.6964108665
454,1960,estimates,female,5yearly,55,42777.1045706086
454,1960,estimates,male,5yearly,55,40323.0634373531
454,1960,estimates,female,5yearly,60,38478.798373602
454,1960,estimates,male,5yearly,60,35218.4630187888
454,1960,estimates,female,5yearly,65,32315.2354421651
454,1960,estimates,male,5yearly,65,28753.5867188646
454,1960,estimates,female,5yearly,70,24515.7566309874
454,1960,estimates,male,5yearly,70,21225.991936392
454,1960,estimates,female,5yearly,75,15498.1681566706
454,1960,estimates,male,5yearly,75,13067.9591616967
454,1960,estimates,female,5yearly,80,7343.98695947006
454,1960,estimates,male,5yearly,80,5988.63201004071
454,1960,estimates,female,5yearly,85,2216.01049055178
454,1960,estimates,male,5yearly,85,1747.06610453132
454,1960,estimates,female,5yearly,90,372.67252793468
454,1960,estimates,male,5yearly,90,270.20785690833
454,1960,estimates,female,5yearly,95,34.4928486781152
454,1960,estimates,male,5yearly,95,21.5142984511747
454,1965,estimates,female,5yearly,0,100000
454,1965,estimates,male,5yearly,0,100000
454,1965,estimates,female,5yearly,1,82841.1315193736
454,1965,estimates,male,5yearly,1,81172.1109243847
454,1965,estimates,female,5yearly,5,69159.660385433
454,1965,estimates,male,5yearly,5,68190.8246918678
454,1965,estimates,female,5yearly,10,66474.7467845922
454,1965,estimates,male,5yearly,10,65730.1668419183
454,1965,estimates,female,5yearly,15,65036.0014866293
454,1965,estimates,male,5yearly,15,64530.5965242986
454,1965,estimates,female,5yearly,20,63065.746618128
454,1965,estimates,male,5yearly,20,62748.5088568118
454,1965,estimates,female,5yearly,25,60673.209082699
454,1965,estimates,male,5yearly,25,60117.7103915678
454,1965,estimates,female,5yearly,30,58161.120163992
454,1965,estimates,male,5yearly,30,57614.6318632255
454,1965,estimates,female,5yearly,35,55665.4258362133
454,1965,estimates,male,5yearly,35,55141.7124223
454,1965,estimates,female,5yearly,40,53086.7067079049
454,1965,estimates,male,5yearly,40,52493.5439799919
454,1965,estimates,female,5yearly,45,50486.4593684863
454,1965,estimates,male,5yearly,45,49436.1831443974
454,1965,estimates,female,5yearly,50,47774.6926990698
454,1965,estimates,male,5yearly,50,45958.4743691062
454,1965,estimates,female,5yearly,55,44387.871585698
454,1965,estimates,male,5yearly,55,41735.7839283959
454,1965,estimates,female,5yearly,60,40075.211287663
454,1965,estimates,male,5yearly,60,36579.4925781792
454,1965,estimates,female,5yearly,65,33866.4999928331
454,1965,estimates,male,5yearly,65,30018.0929944257
454,1965,estimates,female,5yearly,70,25935.5912364688
454,1965,estimates,male,5yearly,70,22324.132708359
454,1965,estimates,female,5yearly,75,16637.0552938071
454,1965,estimates,male,5yearly,75,13897.8754809039
454,1965,estimates,female,5yearly,80,8058.51851937495
454,1965,estimates,male,5yearly,80,6472.71039566628
454,1965,estimates,female,5yearly,85,2508.205444153
454,1965,estimates,male,5yearly,85,1930.9806875096
454,1965,estimates,female,5yearly,90,438.03365733508
454,1965,estimates,male,5yearly,90,306.829967414083
454,1965,estimates,female,5yearly,95,41.9362827481418
454,1965,estimates,male,5yearly,95,24.983476622514
454,1970,estimates,female,5yearly,0,100000
454,1970,estimates,male,5yearly,0,100000
454,1970,estimates,female,5yearly,1,83877.8339574085
454,1970,estimates,male,5yearly,1,82363.738467294
454,1970,estimates,female,5yearly,5,71438.1357592902
454,1970,estimates,male,5yearly,5,70520.445182407
454,1970,estimates,female,5yearly,10,68992.9076994443
454,1970,estimates,male,5yearly,10,68258.5842258964
454,1970,estimates,female,5yearly,15,67648.4018969742
454,1970,estimates,male,5yearly,15,67127.5334390424
454,1970,estimates,female,5yearly,20,65778.5467650499
454,1970,estimates,male,5yearly,20,65440.9371633577
454,1970,estimates,female,5yearly,25,63502.1058143996
454,1970,estimates,male,5yearly,25,62937.0148275757
454,1970,estimates,female,5yearly,30,61096.9295445568
454,1970,estimates,male,5yearly,30,60549.7424967791
454,1970,estimates,female,5yearly,35,58700.6235847244
454,1970,estimates,male,5yearly,35,58149.5344920842
454,1970,estimates,female,5yearly,40,56212.3096582109
454,1970,estimates,male,5yearly,40,55566.386060249
454,1970,estimates,female,5yearly,45,53676.0458399803
454,1970,estimates,male,5yearly,45,52552.8356441859
454,1970,estimates,female,5yearly,50,50999.9702028269
454,1970,estimates,male,5yearly,50,49086.6153577053
454,1970,estimates,female,5yearly,55,47630.6901060891
454,1970,estimates,male,5yearly,55,44829.6384204887
454,1970,estimates,female,5yearly,60,43306.103276451
454,1970,estimates,male,5yearly,60,39569.3892330054
454,1970,estimates,female,5yearly,65,37035.5072278062
454,1970,estimates,male,5yearly,65,32810.9203151863
454,1970,estimates,female,5yearly,70,28850.5169193588
454,1970,estimates,male,5yearly,70,24767.0043683452
454,1970,estimates,female,5yearly,75,18993.7419322683
454,1970,estimates,male,5yearly,75,15763.9755436479
454,1970,estimates,female,5yearly,80,9564.47635509881
454,1970,estimates,male,5yearly,80,7580.10496925189
454,1970,estimates,female,5yearly,85,3145.73402501809
454,1970,estimates,male,5yearly,85,2362.44444973405
454,1970,estimates,female,5yearly,90,586.818134927156
454,1970,estimates,male,5yearly,90,395.613237904426
454,1970,estimates,female,5yearly,95,59.6079913398831
454,1970,estimates,male,5yearly,95,33.6609424791804
454,1975,estimates,female,5yearly,0,100000
454,1975,estimates,male,5yearly,0,100000
454,1975,estimates,female,5yearly,1,84792.726777733
454,1975,estimates,male,5yearly,1,83359.6300350709
454,1975,estimates,female,5yearly,5,73468.4386771923
454,1975,estimates,male,5yearly,5,72529.3269052619
454,1975,estimates,female,5yearly,10,71226.9957432282
454,1975,estimates,male,5yearly,10,70440.4318131429
454,1975,estimates,female,5yearly,15,69977.5590507811
454,1975,estimates,male,5yearly,15,69372.1611818921
454,1975,estimates,female,5yearly,20,68233.1477681074
454,1975,estimates,male,5yearly,20,67773.5554449502
454,1975,estimates,female,5yearly,25,66093.6668866811
454,1975,estimates,male,5yearly,25,65388.887322107
454,1975,estimates,female,5yearly,30,63816.5064049885
454,1975,estimates,male,5yearly,30,63110.4927627251
454,1975,estimates,female,5yearly,35,61530.4790424229
454,1975,estimates,male,5yearly,35,60775.2032826423
454,1975,estimates,female,5yearly,40,59134.8225332007
454,1975,estimates,male,5yearly,40,58253.8100204137
454,1975,estimates,female,5yearly,45,56656.8509551452
454,1975,estimates,male,5yearly,45,55281.7537928857
454,1975,estimates,female,5yearly,50,54009.6048391259
454,1975,estimates,male,5yearly,50,51828.8072523907
454,1975,estimates,female,5yearly,55,50654.4914618665
454,1975,estimates,male,5yearly,55,47546.7190266704
454,1975,estimates,female,5yearly,60,46310.010072075
454,1975,estimates,male,5yearly,60,42199.5449241524
454,1975,estimates,female,5yearly,65,39974.0843649925
454,1975,estimates,male,5yearly,65,35276.7842265167
454,1975,estimates,female,5yearly,70,31583.7647175197
454,1975,estimates,male,5yearly,70,26935.9808295773
454,1975,estimates,female,5yearly,75,21235.3895763988
454,1975,estimates,male,5yearly,75,17436.0637761725
454,1975,estimates,female,5yearly,80,11015.5154078166
454,1975,estimates,male,5yearly,80,8587.34568336274
454,1975,estimates,female,5yearly,85,3765.0214976741
454,1975,estimates,male,5yearly,85,2764.02910419233
454,1975,estimates,female,5yearly,90,734.611655652172
454,1975,estimates,male,5yearly,90,480.816100071266
454,1975,estimates,female,5yearly,95,77.6665026478501
454,1975,estimates,male,5yearly,95,42.2402155914867
454,1980,estimates,female,5yearly,0,100000
454,1980,estimates,male,5yearly,0,100000
454,1980,estimates,female,5yearly,1,85452.0169827582
454,1980,estimates,male,5yearly,1,84062.4566317997
454,1980,estimates,female,5yearly,5,75244.548096293
454,1980,estimates,male,5yearly,5,74247.4633867912
454,1980,estimates,female,5yearly,10,73220.205742594
454,1980,estimates,male,5yearly,10,72326.5965319837
454,1980,estimates,female,5yearly,15,72075.3685838462
454,1980,estimates,male,5yearly,15,71323.3441994648
454,1980,estimates,female,5yearly,20,70441.2479657136
454,1980,estimates,male,5yearly,20,69801.7523181341
454,1980,estimates,female,5yearly,25,68333.552208304
454,1980,estimates,male,5yearly,25,67477.9431250202
454,1980,estimates,female,5yearly,30,65990.2448072619
454,1980,estimates,male,5yearly,30,65102.90790687
454,1980,estimates,female,5yearly,35,63688.1710220391
454,1980,estimates,male,5yearly,35,62598.8365710845
454,1980,estimates,female,5yearly,40,61318.3151299088
454,1980,estimates,male,5yearly,40,59868.0817680078
454,1980,estimates,female,5yearly,45,58905.6664284257
454,1980,estimates,male,5yearly,45,56845.7656297567
454,1980,estimates,female,5yearly,50,56299.0366297865
454,1980,estimates,male,5yearly,50,53407.216926115
454,1980,estimates,female,5yearly,55,52991.3560112202
454,1980,estimates,male,5yearly,55,49143.0028715179
454,1980,estimates,female,5yearly,60,48702.7951633902
454,1980,estimates,male,5yearly,60,43793.8908461665
454,1980,estimates,female,5yearly,65,42423.3248152936
454,1980,estimates,male,5yearly,65,36848.5854487782
454,1980,estimates,female,5yearly,70,33974.6532456205
454,1980,estimates,male,5yearly,70,28442.7237401472
454,1980,estimates,female,5yearly,75,23312.1880776572
454,1980,estimates,male,5yearly,75,18714.6454432543
454,1980,estimates,female,5yearly,80,12447.314144652
454,1980,estimates,male,5yearly,80,9429.52134674481
454,1980,estimates,female,5yearly,85,4423.69698843037
454,1980,estimates,male,5yearly,85,3129.33035478261
454,1980,estimates,female,5yearly,90,903.362167079761
454,1980,estimates,male,5yearly,90,564.233162141844
454,1980,estimates,female,5yearly,95,99.5060916325776
454,1980,estimates,male,5yearly,95,51.0960508647876
454,1985,estimates,female,5yearly,0,100000
454,1985,estimates,male,5yearly,0,100000
454,1985,estimates,female,5yearly,1,85630.9806026896
454,1985,estimates,male,5yearly,1,84280.0069514276
454,1985,estimates,female,5yearly,5,76335.1919607752
454,1985,estimates,male,5yearly,5,75203.2315256649
454,1985,estimates,female,5yearly,10,74500.2522102642
454,1985,estimates,male,5yearly,10,73423.078710889
454,1985,estimates,female,5yearly,15,73456.1880920722
454,1985,estimates,male,5yearly,15,72486.2013718337
454,1985,estimates,female,5yearly,20,71882.9336505791
454,1985,estimates,male,5yearly,20,71021.7852737382
454,1985,estimates,female,5yearly,25,69354.8244264389
454,1985,estimates,male,5yearly,25,68511.2032249538
454,1985,estimates,female,5yearly,30,65527.3202773774
454,1985,estimates,male,5yearly,30,65145.5722235793
454,1985,estimates,female,5yearly,35,61857.5430524734
454,1985,estimates,male,5yearly,35,61130.9208891046
454,1985,estimates,female,5yearly,40,58584.960087109
454,1985,estimates,male,5yearly,40,56672.3802076157
454,1985,estimates,female,5yearly,45,55970.4616457652
454,1985,estimates,male,5yearly,45,52793.4710628817
454,1985,estimates,female,5yearly,50,53266.7231935813
454,1985,estimates,male,5yearly,50,49125.8212879231
454,1985,estimates,female,5yearly,55,50057.0907289387
454,1985,estimates,male,5yearly,55,45024.9507343272
454,1985,estimates,female,5yearly,60,46079.8297104615
454,1985,estimates,male,5yearly,60,40024.2365379322
454,1985,estimates,female,5yearly,65,40392.6488712534
454,1985,estimates,male,5yearly,65,33668.4543562651
454,1985,estimates,female,5yearly,70,32736.7974271756
454,1985,estimates,male,5yearly,70,26105.6511223846
454,1985,estimates,female,5yearly,75,22869.811398532
454,1985,estimates,male,5yearly,75,17424.1729029223
454,1985,estimates,female,5yearly,80,12526.288111988
454,1985,estimates,male,5yearly,80,8955.7085686132
454,1985,estimates,female,5yearly,85,4607.17064978002
454,1985,estimates,male,5yearly,85,3052.16456417027
454,1985,estimates,female,5yearly,90,979.187687174677
454,1985,estimates,male,5yearly,90,567.697079338422
454,1985,estimates,female,5yearly,95,111.832733192328
454,1985,estimates,male,5yearly,95,52.7937757213587
454,1990,estimates,female,5yearly,0,100000
454,1990,estimates,male,5yearly,0,100000
454,1990,estimates,female,5yearly,1,86651.6969319481
454,1990,estimates,male,5yearly,1,85519.6460308766
454,1990,estimates,female,5yearly,5,79008.4611351105
454,1990,estimates,male,5yearly,5,78018.0482795598
454,1990,estimates,female,5yearly,10,77332.5578302689
454,1990,estimates,male,5yearly,10,76346.8187237323
454,1990,estimates,female,5yearly,15,76438.2079137933
454,1990,estimates,male,5yearly,15,75498.2194758902
454,1990,estimates,female,5yearly,20,75108.4133400789
454,1990,estimates,male,5yearly,20,74252.1238164529
454,1990,estimates,female,5yearly,25,72336.6777811498
454,1990,estimates,male,5yearly,25,71810.4141786126
454,1990,estimates,female,5yearly,30,65800.2605017659
454,1990,estimates,male,5yearly,30,67136.914467554
454,1990,estimates,female,5yearly,35,58831.9809921245
454,1990,estimates,male,5yearly,35,60809.4142956529
454,1990,estimates,female,5yearly,40,52847.5952227913
454,1990,estimates,male,5yearly,40,53259.3993641126
454,1990,estimates,female,5yearly,45,49443.938872593
454,1990,estimates,male,5yearly,45,47696.5645989866
454,1990,estimates,female,5yearly,50,46633.1815409313
454,1990,estimates,male,5yearly,50,43440.291963136
454,1990,estimates,female,5yearly,55,43709.8553693621
454,1990,estimates,male,5yearly,55,39663.3968691276
454,1990,estimates,female,5yearly,60,40382.5319136593
454,1990,estimates,male,5yearly,60,35331.3317134677
454,1990,estimates,female,5yearly,65,35821.6351625286
454,1990,estimates,male,5yearly,65,29933.5907055507
454,1990,estimates,female,5yearly,70,29725.5594025831
454,1990,estimates,male,5yearly,70,23534.5273388616
454,1990,estimates,female,5yearly,75,21529.9810992972
454,1990,estimates,male,5yearly,75,16203.7084203954
454,1990,estimates,female,5yearly,80,12411.9921876178
454,1990,estimates,male,5yearly,80,8706.28060355216
454,1990,estimates,female,5yearly,85,4889.1777570636
454,1990,estimates,male,5yearly,85,3147.92289229791
454,1990,estimates,female,5yearly,90,1124.89649857409
454,1990,estimates,male,5yearly,90,627.346244145015
454,1990,estimates,female,5yearly,95,138.045675325701
454,1990,estimates,male,5yearly,95,61.9288518081697
454,1995,estimates,female,5yearly,0,100000
454,1995,estimates,male,5yearly,0,100000
454,1995,estimates,female,5yearly,1,88314.1696705593
454,1995,estimates,male,5yearly,1,87414.2589301729
454,1995,estimates,female,5yearly,5,82740.5775771938
454,1995,estimates,male,5yearly,5,81901.6321562573
454,1995,estimates,female,5yearly,10,81226.0729140539
454,1995,estimates,male,5yearly,10,80338.8378468111
454,1995,estimates,female,5yearly,15,80205.0440034768
454,1995,estimates,male,5yearly,15,79302.3942182685
454,1995,estimates,female,5yearly,20,79081.0667650274
454,1995,estimates,male,5yearly,20,78217.3767547368
454,1995,estimates,female,5yearly,25,76535.6268547561
454,1995,estimates,male,5yearly,25,76161.4703617657
454,1995,estimates,female,5yearly,30,68687.8164072795
454,1995,estimates,male,5yearly,30,71192.2419723136
454,1995,estimates,female,5yearly,35,58859.8245880494
454,1995,estimates,male,5yearly,35,63611.484296736
454,1995,estimates,female,5yearly,40,49700.8364758976
454,1995,estimates,male,5yearly,40,53832.1254179298
454,1995,estimates,female,5yearly,45,44871.1835973905
454,1995,estimates,male,5yearly,45,46566.5242818031
454,1995,estimates,female,5yearly,50,41842.9987366965
454,1995,estimates,male,5yearly,50,41506.9217896757
454,1995,estimates,female,5yearly,55,39274.7522563805
454,1995,estimates,male,5yearly,55,37849.2634373177
454,1995,estimates,female,5yearly,60,36567.044695186
454,1995,estimates,male,5yearly,60,34023.187437984
454,1995,estimates,female,5yearly,65,32995.3136426137
454,1995,estimates,male,5yearly,65,29302.3297209669
454,1995,estimates,female,5yearly,70,28150.0513689946
454,1995,estimates,male,5yearly,70,23612.0970180401
454,1995,estimates,female,5yearly,75,21382.5884389421
454,1995,estimates,male,5yearly,75,16876.8750459988
454,1995,estimates,female,5yearly,80,13184.5597078384
454,1995,estimates,male,5yearly,80,9625.86970084899
454,1995,estimates,female,5yearly,85,5674.64079162324
454,1995,estimates,male,5yearly,85,3765.56790375989
454,1995,estimates,female,5yearly,90,1442.4335731336
454,1995,estimates,male,5yearly,90,821.53081166223
454,1995,estimates,female,5yearly,95,193.170998170992
454,1995,estimates,male,5yearly,95,87.6776444385797
454,2000,estimates,female,5yearly,0,100000
454,2000,estimates,male,5yearly,0,100000
454,2000,estimates,female,5yearly,1,89918.3149747327
454,2000,estimates,male,5yearly,1,89065.2100163003
454,2000,estimates,female,5yearly,5,85822.3960957825
454,2000,estimates,male,5yearly,5,84979.1709979524
454,2000,estimates,female,5yearly,10,84424.6211551456
454,2000,estimates,male,5yearly,10,83528.0700481979
454,2000,estimates,female,5yearly,15,83111.0011337835
454,2000,estimates,male,5yearly,15,82160.2039637114
454,2000,estimates,female,5yearly,20,81845.5472090321
454,2000,estimates,male,5yearly,20,80873.7541007238
454,2000,estimates,female,5yearly,25,79614.4425778665
454,2000,estimates,male,5yearly,25,79129.2893835628
454,2000,estimates,female,5yearly,30,71790.8569181607
454,2000,estimates,male,5yearly,30,74453.9100258986
454,2000,estimates,female,5yearly,35,61036.6818164634
454,2000,estimates,male,5yearly,35,66741.9090389095
454,2000,estimates,female,5yearly,40,49773.2259806583
454,2000,estimates,male,5yearly,40,56143.6726319892
454,2000,estimates,female,5yearly,45,43449.5257972186
454,2000,estimates,male,5yearly,45,47874.5480229611
454,2000,estimates,female,5yearly,50,39853.0396581883
454,2000,estimates,male,5yearly,50,42020.4656789444
454,2000,estimates,female,5yearly,55,37432.6441991917
454,2000,estimates,male,5yearly,55,38243.0602872069
454,2000,estimates,female,5yearly,60,35106.7283336256
454,2000,estimates,male,5yearly,60,34621.3578868173
454,2000,estimates,female,5yearly,65,32115.5037369598
454,2000,estimates,male,5yearly,65,30247.2403553249
454,2000,estimates,female,5yearly,70,28006.0243410815
454,2000,estimates,male,5yearly,70,24886.2951076118
454,2000,estimates,female,5yearly,75,21952.601655959
454,2000,estimates,male,5yearly,75,18340.2534882594
454,2000,estimates,female,5yearly,80,14147.6162602976
454,2000,estimates,male,5yearly,80,10867.4139285609
454,2000,estimates,female,5yearly,85,6456.97704504733
454,2000,estimates,male,5yearly,85,4467.8842044837
454,2000,estimates,female,5yearly,90,1751.89735404472
454,2000,estimates,male,5yearly,90,1030.68477814184
454,2000,estimates,female,5yearly,95,248.092974163646
454,2000,estimates,male,5yearly,95,115.259729376137
454,2005,estimates,female,5yearly,0,100000
454,2005,estimates,male,5yearly,0,100000
454,2005,estimates,female,5yearly,1,92436.7503278922
454,2005,estimates,male,5yearly,1,91643.5398878077
454,2005,estimates,female,5yearly,5,89878.4598633765
454,2005,estimates,male,5yearly,5,89017.113353296
454,2005,estimates,female,5yearly,10,88698.7609994753
454,2005,estimates,male,5yearly,10,87768.0670803156
454,2005,estimates,female,5yearly,15,87292.7472224137
454,2005,estimates,male,5yearly,15,86274.3728594131
454,2005,estimates,female,5yearly,20,86193.0191506556
454,2005,estimates,male,5yearly,20,84994.7985783942
454,2005,estimates,female,5yearly,25,84655.3704996003
454,2005,estimates,male,5yearly,25,83724.4860953585
454,2005,estimates,female,5yearly,30,79503.9666774565
454,2005,estimates,male,5yearly,30,80370.6389970369
454,2005,estimates,female,5yearly,35,71884.3816474776
454,2005,estimates,male,5yearly,35,74611.5618287793
454,2005,estimates,female,5yearly,40,62715.8017720225
454,2005,estimates,male,5yearly,40,66028.6099680563
454,2005,estimates,female,5yearly,45,56626.0917817696
454,2005,estimates,male,5yearly,45,58696.1848377535
454,2005,estimates,female,5yearly,50,52949.8198236862
454,2005,estimates,male,5yearly,50,53064.3403027116
454,2005,estimates,female,5yearly,55,50583.1360054583
454,2005,estimates,male,5yearly,55,49225.6560848785
454,2005,estimates,female,5yearly,60,48287.9431218913
454,2005,estimates,male,5yearly,60,45435.5701852153
454,2005,estimates,female,5yearly,65,45225.8917849722
454,2005,estimates,male,5yearly,65,40754.2042344228
454,2005,estimates,female,5yearly,70,40696.4000296833
454,2005,estimates,male,5yearly,70,34718.4835291021
454,2005,estimates,female,5yearly,75,33497.6423161473
454,2005,estimates,male,5yearly,75,26763.073260905
454,2005,estimates,female,5yearly,80,23206.2621345569
454,2005,estimates,male,5yearly,80,16894.7282271024
454,2005,estimates,female,5yearly,85,11704.8806418143
454,2005,estimates,male,5yearly,85,7574.29911907199
454,2005,estimates,female,5yearly,90,3569.34970284767
454,2005,estimates,male,5yearly,90,1936.40395862196
454,2005,estimates,female,5yearly,95,562.662033105339
454,2005,estimates,male,5yearly,95,237.930898265159
454,2010,estimates,female,5yearly,0,100000
454,2010,estimates,male,5yearly,0,100000
454,2010,estimates,female,5yearly,1,94337.8289753781
454,2010,estimates,male,5yearly,1,93656.685064
454,2010,estimates,female,5yearly,5,92672.4663106649
454,2010,estimates,male,5yearly,5,91973.828910621
454,2010,estimates,female,5yearly,10,91800.8949557309
454,2010,estimates,male,5yearly,10,91050.9805871375
454,2010,estimates,female,5yearly,15,90551.2061497961
454,2010,estimates,male,5yearly,15,89715.6530016204
454,2010,estimates,female,5yearly,20,89658.6942634218
454,2010,estimates,male,5yearly,20,88646.3249944415
454,2010,estimates,female,5yearly,25,88706.3519724191
454,2010,estimates,male,5yearly,25,87755.8199674857
454,2010,estimates,female,5yearly,30,86155.0467249477
454,2010,estimates,male,5yearly,30,86016.4916071984
454,2010,estimates,female,5yearly,35,81941.0788227187
454,2010,estimates,male,5yearly,35,82900.6716163652
454,2010,estimates,female,5yearly,40,76181.7594301074
454,2010,estimates,male,5yearly,40,78004.9434469006
454,2010,estimates,female,5yearly,45,71695.4452827192
454,2010,estimates,male,5yearly,45,73203.4004460311
454,2010,estimates,female,5yearly,50,68670.5504962574
454,2010,estimates,male,5yearly,50,68990.0163839545
454,2010,estimates,female,5yearly,55,66453.5697062645
454,2010,estimates,male,5yearly,55,65360.7988165404
454,2010,estimates,female,5yearly,60,64163.9341813412
454,2010,estimates,male,5yearly,60,61335.9034741857
454,2010,estimates,female,5yearly,65,60917.0137972058
454,2010,estimates,male,5yearly,65,56086.1555314765
454,2010,estimates,female,5yearly,70,55820.9192585199
454,2010,estimates,male,5yearly,70,48953.5715730308
454,2010,estimates,female,5yearly,75,47240.6436971336
454,2010,estimates,male,5yearly,75,38856.7986061078
454,2010,estimates,female,5yearly,80,34182.7184652228
454,2010,estimates,male,5yearly,80,25535.3530813358
454,2010,estimates,female,5yearly,85,18381.772457956
454,2010,estimates,male,5yearly,85,12096.1726960634
454,2010,estimates,female,5yearly,90,6078.33501824812
454,2010,estimates,male,5yearly,90,3301.16834152799
454,2010,estimates,female,5yearly,95,1041.17933733724
454,2010,estimates,male,5yearly,95,430.656468944908
454,2015,medium_variant,female,5yearly,0,100000
454,2015,medium_variant,male,5yearly,0,100000
454,2015,medium_variant,female,5yearly,1,95146.550913912
454,2015,medium_variant,male,5yearly,1,94503.0456207452
454,2015,medium_variant,female,5yearly,5,93928.8664054855
454,2015,medium_variant,male,5yearly,5,93317.0377125361
454,2015,medium_variant,female,5yearly,10,93401.1932663499
454,2015,medium_variant,male,5yearly,10,92752.0838140359
454,2015,medium_variant,female,5yearly,15,92499.8118646911
454,2015,medium_variant,male,5yearly,15,91780.7646231041
454,2015,medium_variant,female,5yearly,20,91558.6979690067
454,2015,medium_variant,male,5yearly,20,90822.1258473818
454,2015,medium_variant,female,5yearly,25,90828.2698427161
454,2015,medium_variant,male,5yearly,25,90088.6989135988
454,2015,medium_variant,female,5yearly,30,89362.7976189013
454,2015,medium_variant,male,5yearly,30,89167.4658975679
454,2015,medium_variant,female,5yearly,35,86866.3316223293
454,2015,medium_variant,male,5yearly,35,87601.320775515
454,2015,medium_variant,female,5yearly,40,83099.613857275
454,2015,medium_variant,male,5yearly,40,85094.3246859755
454,2015,medium_variant,female,5yearly,45,79536.8829844912
454,2015,medium_variant,male,5yearly,45,82070.9280120856
454,2015,medium_variant,female,5yearly,50,76863.1663373465
454,2015,medium_variant,male,5yearly,50,78984.5317024729
454,2015,medium_variant,female,5yearly,55,74639.8441918076
454,2015,medium_variant,male,5yearly,55,75493.026792698
454,2015,medium_variant,female,5yearly,60,72305.0759008196
454,2015,medium_variant,male,5yearly,60,71230.7144908862
454,2015,medium_variant,female,5yearly,65,69022.3459021337
454,2015,medium_variant,male,5yearly,65,65635.8696223836
454,2015,medium_variant,female,5yearly,70,63759.9193913284
454,2015,medium_variant,male,5yearly,70,57883.59523169
454,2015,medium_variant,female,5yearly,75,54720.5247256101
454,2015,medium_variant,male,5yearly,75,46561.9662779036
454,2015,medium_variant,female,5yearly,80,40558.7111619516
454,2015,medium_variant,male,5yearly,80,31163.9142823806
454,2015,medium_variant,female,5yearly,85,22687.2830129831
454,2015,medium_variant,male,5yearly,85,15140.0481566416
454,2015,medium_variant,female,5yearly,90,7947.40829742673
454,2015,medium_variant,male,5yearly,90,4258.12328094853
454,2015,medium_variant,female,5yearly,95,1462.32360530264
454,2015,medium_variant,male,5yearly,95,571.100640279184
454,2020,medium_variant,female,5yearly,0,100000
454,2020,medium_variant,male,5yearly,0,100000
454,2020,medium_variant,female,5yearly,1,95654.7985324999
454,2020,medium_variant,male,5yearly,1,95020.9378608656
454,2020,medium_variant,female,5yearly,5,94663.3492139318
454,2020,medium_variant,male,5yearly,5,94068.2670576459
454,2020,medium_variant,female,5yearly,10,94346.7700631187
454,2020,medium_variant,male,5yearly,10,93718.4616169595
454,2020,medium_variant,female,5yearly,15,93788.7575208271
454,2020,medium_variant,male,5yearly,15,93092.7405809792
454,2020,medium_variant,female,5yearly,20,92946.8234623038
454,2020,medium_variant,male,5yearly,20,92231.4295162378
454,2020,medium_variant,female,5yearly,25,92192.3888261044
454,2020,medium_variant,male,5yearly,25,91474.8321187034
454,2020,medium_variant,female,5yearly,30,90844.8710965625
454,2020,medium_variant,male,5yearly,30,90611.3067326455
454,2020,medium_variant,female,5yearly,35,88892.7476132592
454,2020,medium_variant,male,5yearly,35,89287.6292997162
454,2020,medium_variant,female,5yearly,40,86157.015701981
454,2020,medium_variant,male,5yearly,40,87228.3981225111
454,2020,medium_variant,female,5yearly,45,83348.0098041847
454,2020,medium_variant,male,5yearly,45,84579.0507242335
454,2020,medium_variant,female,5yearly,50,80986.4716138514
454,2020,medium_variant,male,5yearly,50,81632.6590210936
454,2020,medium_variant,female,5yearly,55,78796.5535373595
454,2020,medium_variant,male,5yearly,55,78075.5266503617
454,2020,medium_variant,female,5yearly,60,76435.2936794501
454,2020,medium_variant,male,5yearly,60,73659.3572962972
454,2020,medium_variant,female,5yearly,65,73156.8482089366
454,2020,medium_variant,male,5yearly,65,67964.5650008525
454,2020,medium_variant,female,5yearly,70,67938.9691092567
454,2020,medium_variant,male,5yearly,70,60221.5441286453
454,2020,medium_variant,female,5yearly,75,58894.3537431315
454,2020,medium_variant,male,5yearly,75,48864.3653109339
454,2020,medium_variant,female,5yearly,80,44437.976039687
454,2020,medium_variant,male,5yearly,80,33156.6882878149
454,2020,medium_variant,female,5yearly,85,25625.1422485674
454,2020,medium_variant,male,5yearly,85,16422.1958908573
454,2020,medium_variant,female,5yearly,90,9405.4257024247
454,2020,medium_variant,male,5yearly,90,4729.50731810862
454,2020,medium_variant,female,5yearly,95,1839.57163326243
454,2020,medium_variant,male,5yearly,95,649.001089637598
454,2025,medium_variant,female,5yearly,0,100000
454,2025,medium_variant,male,5yearly,0,100000
454,2025,medium_variant,female,5yearly,1,96014.7493475356
454,2025,medium_variant,male,5yearly,1,95396.2408896351
454,2025,medium_variant,female,5yearly,5,95178.6165511474
454,2025,medium_variant,male,5yearly,5,94582.3297133519
454,2025,medium_variant,female,5yearly,10,94965.6010376828
454,2025,medium_variant,male,5yearly,10,94335.1287577511
454,2025,medium_variant,female,5yearly,15,94676.7665975689
454,2025,medium_variant,male,5yearly,15,93982.1370582572
454,2025,medium_variant,female,5yearly,20,94132.3571166359
454,2025,medium_variant,male,5yearly,20,93345.0095213097
454,2025,medium_variant,female,5yearly,25,93467.7144073185
454,2025,medium_variant,male,5yearly,25,92648.5390725284
454,2025,medium_variant,female,5yearly,30,92217.6117086408
454,2025,medium_variant,male,5yearly,30,91796.8065882632
454,2025,medium_variant,female,5yearly,35,90546.8256723902
454,2025,medium_variant,male,5yearly,35,90588.1130786853
454,2025,medium_variant,female,5yearly,40,88500.553152306
454,2025,medium_variant,male,5yearly,40,88879.6996227223
454,2025,medium_variant,female,5yearly,45,86557.4491310562
454,2025,medium_variant,male,5yearly,45,86762.7556045826
454,2025,medium_variant,female,5yearly,50,84787.9393901286
454,2025,medium_variant,male,5yearly,50,84257.748825937
454,2025,medium_variant,female,5yearly,55,82850.5797444493
454,2025,medium_variant,male,5yearly,55,80932.5261926363
454,2025,medium_variant,female,5yearly,60,80560.3196355493
454,2025,medium_variant,male,5yearly,60,76537.4676228055
454,2025,medium_variant,female,5yearly,65,77305.581958302
454,2025,medium_variant,male,5yearly,65,70768.4665941166
454,2025,medium_variant,female,5yearly,70,72098.4294039386
454,2025,medium_variant,male,5yearly,70,62958.1962620343
454,2025,medium_variant,female,5yearly,75,63035.5783260997
454,2025,medium_variant,male,5yearly,75,51540.0827136116
454,2025,medium_variant,female,5yearly,80,48342.9215378089
454,2025,medium_variant,male,5yearly,80,35455.5114858938
454,2025,medium_variant,female,5yearly,85,28677.0286564722
454,2025,medium_variant,male,5yearly,85,17915.6903902633
454,2025,medium_variant,female,5yearly,90,11003.8052835783
454,2025,medium_variant,male,5yearly,90,5295.7869139168
454,2025,medium_variant,female,5yearly,95,2284.89263664832
454,2025,medium_variant,male,5yearly,95,746.992549016534
454,2030,medium_variant,female,5yearly,0,100000
454,2030,medium_variant,male,5yearly,0,100000
454,2030,medium_variant,female,5yearly,1,96267.1158350171
454,2030,medium_variant,male,5yearly,1,95692.6817777872
454,2030,medium_variant,female,5yearly,5,95489.7584519153
454,2030,medium_variant,male,5yearly,5,94968.535788498
454,2030,medium_variant,female,5yearly,10,95333.7283011832
454,2030,medium_variant,male,5yearly,10,94786.2765260239
454,2030,medium_variant,female,5yearly,15,95159.1611940633
454,2030,medium_variant,male,5yearly,15,94557.3053488745
454,2030,medium_variant,female,5yearly,20,94840.0003270436
454,2030,medium_variant,male,5yearly,20,94153.3551678403
454,2030,medium_variant,female,5yearly,25,94289.9242328126
454,2030,medium_variant,male,5yearly,25,93562.7797837293
454,2030,medium_variant,female,5yearly,30,93239.9575644951
454,2030,medium_variant,male,5yearly,30,92799.9358696038
454,2030,medium_variant,female,5yearly,35,91811.8152808517
454,2030,medium_variant,male,5yearly,35,91688.2978720799
454,2030,medium_variant,female,5yearly,40,90112.2427688719
454,2030,medium_variant,male,5yearly,40,90210.0799502818
454,2030,medium_variant,female,5yearly,45,88632.1009309515
454,2030,medium_variant,male,5yearly,45,88483.2678184402
454,2030,medium_variant,female,5yearly,50,87281.2656768668
454,2030,medium_variant,male,5yearly,50,86419.6190052629
454,2030,medium_variant,female,5yearly,55,85638.224431148
454,2030,medium_variant,male,5yearly,55,83478.4831778424
454,2030,medium_variant,female,5yearly,60,83490.0725575661
454,2030,medium_variant,male,5yearly,60,79286.70381826
454,2030,medium_variant,female,5yearly,65,80311.8194540545
454,2030,medium_variant,male,5yearly,65,73555.5111585806
454,2030,medium_variant,female,5yearly,70,75172.6962245915
454,2030,medium_variant,male,5yearly,70,65689.1909215986
454,2030,medium_variant,female,5yearly,75,66188.4193556421
454,2030,medium_variant,male,5yearly,75,54161.9374631222
454,2030,medium_variant,female,5yearly,80,51558.7229802351
454,2030,medium_variant,male,5yearly,80,37743.0476684787
454,2030,medium_variant,female,5yearly,85,31460.3430207558
454,2030,medium_variant,male,5yearly,85,19436.169740181
454,2030,medium_variant,female,5yearly,90,12646.7785552798
454,2030,medium_variant,male,5yearly,90,5889.61531246613
454,2030,medium_variant,female,5yearly,95,2805.90576777292
454,2030,medium_variant,male,5yearly,95,853.029039030931
454,2035,medium_variant,female,5yearly,0,100000
454,2035,medium_variant,male,5yearly,0,100000
454,2035,medium_variant,female,5yearly,1,96494.8929504632
454,2035,medium_variant,male,5yearly,1,95968.2735396111
454,2035,medium_variant,female,5yearly,5,95767.8695748261
454,2035,medium_variant,male,5yearly,5,95322.4207661167
454,2035,medium_variant,female,5yearly,10,95632.3339540021
454,2035,medium_variant,male,5yearly,10,95168.5622148942
454,2035,medium_variant,female,5yearly,15,95514.4921069358
454,2035,medium_variant,male,5yearly,15,95004.5574057939
454,2035,medium_variant,female,5yearly,20,95295.6405105342
454,2035,medium_variant,male,5yearly,20,94718.1099425937
454,2035,medium_variant,female,5yearly,25,94874.6078994501
454,2035,medium_variant,male,5yearly,25,94276.3705656618
454,2035,medium_variant,female,5yearly,30,94015.755909591
454,2035,medium_variant,male,5yearly,30,93628.7821478631
454,2035,medium_variant,female,5yearly,35,92844.894398011
454,2035,medium_variant,male,5yearly,35,92659.3282793429
454,2035,medium_variant,female,5yearly,40,91436.8491853497
454,2035,medium_variant,male,5yearly,40,91363.2252710201
454,2035,medium_variant,female,5yearly,45,90191.8874835007
454,2035,medium_variant,male,5yearly,45,89864.3459115337
454,2035,medium_variant,female,5yearly,50,89051.9848466596
454,2035,medium_variant,male,5yearly,50,88085.3380657962
454,2035,medium_variant,female,5yearly,55,87636.0928738673
454,2035,medium_variant,male,5yearly,55,85485.9347652177
454,2035,medium_variant,female,5yearly,60,85687.5073881957
454,2035,medium_variant,male,5yearly,60,81610.2682876772
454,2035,medium_variant,female,5yearly,65,82650.3427035159
454,2035,medium_variant,male,5yearly,65,76067.1073960091
454,2035,medium_variant,female,5yearly,70,77632.0238744783
454,2035,medium_variant,male,5yearly,70,68240.5998322392
454,2035,medium_variant,female,5yearly,75,68797.7329186621
454,2035,medium_variant,male,5yearly,75,56634.4479340731
454,2035,medium_variant,female,5yearly,80,54303.596812859
454,2035,medium_variant,male,5yearly,80,39967.1599281723
454,2035,medium_variant,female,5yearly,85,33982.2707295748
454,2035,medium_variant,male,5yearly,85,20975.1854252686
454,2035,medium_variant,female,5yearly,90,14242.7929319704
454,2035,medium_variant,male,5yearly,90,6521.73827839112
454,2035,medium_variant,female,5yearly,95,3354.21369226457
454,2035,medium_variant,male,5yearly,95,972.293333603265
454,2040,medium_variant,female,5yearly,0,100000
454,2040,medium_variant,male,5yearly,0,100000
454,2040,medium_variant,female,5yearly,1,96700.7208453842
454,2040,medium_variant,male,5yearly,1,96225.0786146465
454,2040,medium_variant,female,5yearly,5,96023.0884906104
454,2040,medium_variant,male,5yearly,5,95651.1289217648
454,2040,medium_variant,female,5yearly,10,95900.3642871264
454,2040,medium_variant,male,5yearly,10,95517.6584034962
454,2040,medium_variant,female,5yearly,15,95800.5232311194
454,2040,medium_variant,male,5yearly,15,95378.9066245409
454,2040,medium_variant,female,5yearly,20,95627.6533935441
454,2040,medium_variant,male,5yearly,20,95152.9922000758
454,2040,medium_variant,female,5yearly,25,95280.6449183753
454,2040,medium_variant,male,5yearly,25,94797.4215111402
454,2040,medium_variant,female,5yearly,30,94597.5819648622
454,2040,medium_variant,male,5yearly,30,94280.255973742
454,2040,medium_variant,female,5yearly,35,93647.6860021467
454,2040,medium_variant,male,5yearly,35,93453.3244933511
454,2040,medium_variant,female,5yearly,40,92514.0496728708
454,2040,medium_variant,male,5yearly,40,92344.1491840982
454,2040,medium_variant,female,5yearly,45,91452.4135199437
454,2040,medium_variant,male,5yearly,45,91001.5321017707
454,2040,medium_variant,female,5yearly,50,90440.9324433704
454,2040,medium_variant,male,5yearly,50,89390.9646232437
454,2040,medium_variant,female,5yearly,55,89155.8552160797
454,2040,medium_variant,male,5yearly,55,87016.5677663331
454,2040,medium_variant,female,5yearly,60,87392.5430381053
454,2040,medium_variant,male,5yearly,60,83444.0670973464
454,2040,medium_variant,female,5yearly,65,84564.0823939805
454,2040,medium_variant,male,5yearly,65,78204.8529378152
454,2040,medium_variant,female,5yearly,70,79730.0832327369
454,2040,medium_variant,male,5yearly,70,70561.0847432116
454,2040,medium_variant,female,5yearly,75,71096.2439047163
454,2040,medium_variant,male,5yearly,75,58967.5634505445
454,2040,medium_variant,female,5yearly,80,56782.3857604455
454,2040,medium_variant,male,5yearly,80,42204.6280495857
454,2040,medium_variant,female,5yearly,85,36351.9620864905
454,2040,medium_variant,male,5yearly,85,22661.867031686
454,2040,medium_variant,female,5yearly,90,15822.7094019513
454,2040,medium_variant,male,5yearly,90,7296.76033683865
454,2040,medium_variant,female,5yearly,95,3933.877817219
454,2040,medium_variant,male,5yearly,95,1138.50883326688
454,2045,medium_variant,female,5yearly,0,100000
454,2045,medium_variant,male,5yearly,0,100000
454,2045,medium_variant,female,5yearly,1,96904.6498546928
454,2045,medium_variant,male,5yearly,1,96478.0032886713
454,2045,medium_variant,female,5yearly,5,96269.9937358539
454,2045,medium_variant,male,5yearly,5,95969.9487775376
454,2045,medium_variant,female,5yearly,10,96157.6015765917
454,2045,medium_variant,male,5yearly,10,95854.0496714371
454,2045,medium_variant,female,5yearly,15,96067.185828318
454,2045,medium_variant,male,5yearly,15,95731.192127118
454,2045,medium_variant,female,5yearly,20,95911.9410394958
454,2045,medium_variant,male,5yearly,20,95532.9827733574
454,2045,medium_variant,female,5yearly,25,95613.7805536564
454,2045,medium_variant,male,5yearly,25,95233.8183174772
454,2045,medium_variant,female,5yearly,30,95062.3692630806
454,2045,medium_variant,male,5yearly,30,94805.338785539
454,2045,medium_variant,female,5yearly,35,94314.9391284214
454,2045,medium_variant,male,5yearly,35,94124.0538920201
454,2045,medium_variant,female,5yearly,40,93409.2383285893
454,2045,medium_variant,male,5yearly,40,93181.1037469487
454,2045,medium_variant,female,5yearly,45,92513.3999229762
454,2045,medium_variant,male,5yearly,45,91989.6154557962
454,2045,medium_variant,female,5yearly,50,91613.6178929585
454,2045,medium_variant,male,5yearly,50,90501.5734377744
454,2045,medium_variant,female,5yearly,55,90412.4288513778
454,2045,medium_variant,male,5yearly,55,88267.6772101075
454,2045,medium_variant,female,5yearly,60,88768.7999930775
454,2045,medium_variant,male,5yearly,60,84913.4662672993
454,2045,medium_variant,female,5yearly,65,86147.5671932674
454,2045,medium_variant,male,5yearly,65,79981.1017674899
454,2045,medium_variant,female,5yearly,70,81564.7027345273
454,2045,medium_variant,male,5yearly,70,72631.3844605687
454,2045,medium_variant,female,5yearly,75,73191.3096564814
454,2045,medium_variant,male,5yearly,75,61180.694404578
454,2045,medium_variant,female,5yearly,80,59101.0985711319
454,2045,medium_variant,male,5yearly,80,44287.6957048301
454,2045,medium_variant,female,5yearly,85,38661.0445438216
454,2045,medium_variant,male,5yearly,85,24295.4361006726
454,2045,medium_variant,female,5yearly,90,17461.2356567874
454,2045,medium_variant,male,5yearly,90,8084.08388055429
454,2045,medium_variant,female,5yearly,95,4588.87675251612
454,2045,medium_variant,male,5yearly,95,1316.83224118848
454,2050,medium_variant,female,5yearly,0,100000
454,2050,medium_variant,male,5yearly,0,100000
454,2050,medium_variant,female,5yearly,1,97088.4431809069
454,2050,medium_variant,male,5yearly,1,96709.8230871799
454,2050,medium_variant,female,5yearly,5,96494.8148034794
454,2050,medium_variant,male,5yearly,5,96264.6214667111
454,2050,medium_variant,female,5yearly,10,96390.6401036581
454,2050,medium_variant,male,5yearly,10,96163.8981354968
454,2050,medium_variant,female,5yearly,15,96306.8906493337
454,2050,medium_variant,male,5yearly,15,96053.9229244496
454,2050,medium_variant,female,5yearly,20,96162.9035660472
454,2050,medium_variant,male,5yearly,20,95875.6600275115
454,2050,medium_variant,female,5yearly,25,95893.7499292339
454,2050,medium_variant,male,5yearly,25,95611.5021333019
454,2050,medium_variant,female,5yearly,30,95414.5161699828
454,2050,medium_variant,male,5yearly,30,95243.2476294412
454,2050,medium_variant,female,5yearly,35,94776.1907367972
454,2050,medium_variant,male,5yearly,35,94657.0242799869
454,2050,medium_variant,female,5yearly,40,94011.9490904148
454,2050,medium_variant,male,5yearly,40,93853.1105253319
454,2050,medium_variant,female,5yearly,45,93216.0012713003
454,2050,medium_variant,male,5yearly,45,92783.9972983946
454,2050,medium_variant,female,5yearly,50,92396.389098333
454,2050,medium_variant,male,5yearly,50,91408.4445639965
454,2050,medium_variant,female,5yearly,55,91263.8805075719
454,2050,medium_variant,male,5yearly,55,89281.6438235882
454,2050,medium_variant,female,5yearly,60,89700.8980353757
454,2050,medium_variant,male,5yearly,60,86078.3610732205
454,2050,medium_variant,female,5yearly,65,87233.3718522019
454,2050,medium_variant,male,5yearly,65,81388.7091150841
454,2050,medium_variant,female,5yearly,70,82914.5572403047
454,2050,medium_variant,male,5yearly,70,74353.007767961
454,2050,medium_variant,female,5yearly,75,74886.9958575488
454,2050,medium_variant,male,5yearly,75,63165.9050123159
454,2050,medium_variant,female,5yearly,80,61120.1012828843
454,2050,medium_variant,male,5yearly,80,46247.0485908018
454,2050,medium_variant,female,5yearly,85,40779.8116123904
454,2050,medium_variant,male,5yearly,85,25887.136647752
454,2050,medium_variant,female,5yearly,90,19056.4551799921
454,2050,medium_variant,male,5yearly,90,8885.33769486758
454,2050,medium_variant,female,5yearly,95,5065.0339259917
454,2050,medium_variant,male,5yearly,95,1507.7476449565
454,2055,medium_variant,female,5yearly,0,100000
454,2055,medium_variant,male,5yearly,0,100000
454,2055,medium_variant,female,5yearly,1,97249.490656114
454,2055,medium_variant,male,5yearly,1,96895.4200884256
454,2055,medium_variant,female,5yearly,5,96695.5258341398
454,2055,medium_variant,male,5yearly,5,96496.6060364071
454,2055,medium_variant,female,5yearly,10,96598.0433372851
454,2055,medium_variant,male,5yearly,10,96406.3170293641
454,2055,medium_variant,female,5yearly,15,96519.570269057
454,2055,medium_variant,male,5yearly,15,96305.505978151
454,2055,medium_variant,female,5yearly,20,96385.1835321291
454,2055,medium_variant,male,5yearly,20,96142.5584062478
454,2055,medium_variant,female,5yearly,25,96135.8302288803
454,2055,medium_variant,male,5yearly,25,95902.3439384314
454,2055,medium_variant,female,5yearly,30,95692.1502129716
454,2055,medium_variant,male,5yearly,30,95569.0660867586
454,2055,medium_variant,female,5yearly,35,95108.8763960394
454,2055,medium_variant,male,5yearly,35,95041.2157842461
454,2055,medium_variant,female,5yearly,40,94417.170169012
454,2055,medium_variant,male,5yearly,40,94318.0804896483
454,2055,medium_variant,female,5yearly,45,93700.3470493045
454,2055,medium_variant,male,5yearly,45,93353.8150659127
454,2055,medium_variant,female,5yearly,50,92938.7817952586
454,2055,medium_variant,male,5yearly,50,92069.9545535399
454,2055,medium_variant,female,5yearly,55,91875.4660263095
454,2055,medium_variant,male,5yearly,55,90050.78112495
454,2055,medium_variant,female,5yearly,60,90391.7395923459
454,2055,medium_variant,male,5yearly,60,86971.9152896062
454,2055,medium_variant,female,5yearly,65,88047.8486790595
454,2055,medium_variant,male,5yearly,65,82469.1768525371
454,2055,medium_variant,female,5yearly,70,83949.8205808982
454,2055,medium_variant,male,5yearly,70,75704.9002595544
454,2055,medium_variant,female,5yearly,75,76287.9676552795
454,2055,medium_variant,male,5yearly,75,64835.8787984001
454,2055,medium_variant,female,5yearly,80,62942.6135115552
454,2055,medium_variant,male,5yearly,80,48069.7427119265
454,2055,medium_variant,female,5yearly,85,42764.3029376383
454,2055,medium_variant,male,5yearly,85,27445.8713102862
454,2055,medium_variant,female,5yearly,90,20619.6926589649
454,2055,medium_variant,male,5yearly,90,9718.61016451669
454,2055,medium_variant,female,5yearly,95,5692.61126497901
454,2055,medium_variant,male,5yearly,95,1720.25733019264
454,2060,medium_variant,female,5yearly,0,100000
454,2060,medium_variant,male,5yearly,0,100000
454,2060,medium_variant,female,5yearly,1,97412.3974600302
454,2060,medium_variant,male,5yearly,1,97043.1151613286
454,2060,medium_variant,female,5yearly,5,96894.15676193
454,2060,medium_variant,male,5yearly,5,96663.3208387666
454,2060,medium_variant,female,5yearly,10,96802.9897284455
454,2060,medium_variant,male,5yearly,10,96577.7773331916
454,2060,medium_variant,female,5yearly,15,96729.5414367958
454,2060,medium_variant,male,5yearly,15,96482.1085762537
454,2060,medium_variant,female,5yearly,20,96603.8572455081
454,2060,medium_variant,male,5yearly,20,96327.9983699274
454,2060,medium_variant,female,5yearly,25,96373.4304766253
454,2060,medium_variant,male,5yearly,25,96102.6431736428
454,2060,medium_variant,female,5yearly,30,95966.2281166795
454,2060,medium_variant,male,5yearly,30,95792.092207713
454,2060,medium_variant,female,5yearly,35,95432.5688017228
454,2060,medium_variant,male,5yearly,35,95302.0426576264
454,2060,medium_variant,female,5yearly,40,94803.0775641681
454,2060,medium_variant,male,5yearly,40,94635.2784449052
454,2060,medium_variant,female,5yearly,45,94150.968278551
454,2060,medium_variant,male,5yearly,45,93742.6110352673
454,2060,medium_variant,female,5yearly,50,93449.7241944794
454,2060,medium_variant,male,5yearly,50,92543.6133824186
454,2060,medium_variant,female,5yearly,55,92453.5052662322
454,2060,medium_variant,male,5yearly,55,90623.885415662
454,2060,medium_variant,female,5yearly,60,91056.1616953835
454,2060,medium_variant,male,5yearly,60,87673.8674232014
454,2060,medium_variant,female,5yearly,65,88834.5341012569
454,2060,medium_variant,male,5yearly,65,83332.6908594745
454,2060,medium_variant,female,5yearly,70,84927.7613665946
454,2060,medium_variant,male,5yearly,70,76795.9760112821
454,2060,medium_variant,female,5yearly,75,77589.685836708
454,2060,medium_variant,male,5yearly,75,66239.2912969823
454,2060,medium_variant,female,5yearly,80,64635.0294730635
454,2060,medium_variant,male,5yearly,80,49749.1004562308
454,2060,medium_variant,female,5yearly,85,44655.5673694984
454,2060,medium_variant,male,5yearly,85,29006.0852287847
454,2060,medium_variant,female,5yearly,90,22164.8580249489
454,2060,medium_variant,male,5yearly,90,10633.0825504499
454,2060,medium_variant,female,5yearly,95,6438.88353388345
454,2060,medium_variant,male,5yearly,95,1978.25425579153
454,2065,medium_variant,female,5yearly,0,100000
454,2065,medium_variant,male,5yearly,0,100000
454,2065,medium_variant,female,5yearly,1,97544.1588850944
454,2065,medium_variant,male,5yearly,1,97183.511842255
454,2065,medium_variant,female,5yearly,5,97055.2962159001
454,2065,medium_variant,male,5yearly,5,96823.9140183207
454,2065,medium_variant,female,5yearly,10,96968.9747444142
454,2065,medium_variant,male,5yearly,10,96742.7448998542
454,2065,medium_variant,female,5yearly,15,96899.652977368
454,2065,medium_variant,male,5yearly,15,96652.1003897556
454,2065,medium_variant,female,5yearly,20,96781.9192707189
454,2065,medium_variant,male,5yearly,20,96507.4378496546
454,2065,medium_variant,female,5yearly,25,96567.3182189997
454,2065,medium_variant,male,5yearly,25,96295.4373456799
454,2065,medium_variant,female,5yearly,30,96191.7956882279
454,2065,medium_variant,male,5yearly,30,96005.2602865287
454,2065,medium_variant,female,5yearly,35,95699.7279218795
454,2065,medium_variant,male,5yearly,35,95547.5892500959
454,2065,medium_variant,female,5yearly,40,95118.2270923314
454,2065,medium_variant,male,5yearly,40,94925.7030262172
454,2065,medium_variant,female,5yearly,45,94514.7760832679
454,2065,medium_variant,male,5yearly,45,94092.2761506242
454,2065,medium_variant,female,5yearly,50,93858.1464055546
454,2065,medium_variant,male,5yearly,50,92962.4116362157
454,2065,medium_variant,female,5yearly,55,92922.6776267568
454,2065,medium_variant,male,5yearly,55,91147.2762925873
454,2065,medium_variant,female,5yearly,60,91596.7356992229
454,2065,medium_variant,male,5yearly,60,88326.747192937
454,2065,medium_variant,female,5yearly,65,89482.300121115
454,2065,medium_variant,male,5yearly,65,84154.3210188922
454,2065,medium_variant,female,5yearly,70,85732.4398348104
454,2065,medium_variant,male,5yearly,70,77823.1315864487
454,2065,medium_variant,female,5yearly,75,78649.2351376007
454,2065,medium_variant,male,5yearly,75,67544.8618610152
454,2065,medium_variant,female,5yearly,80,66054.6585488188
454,2065,medium_variant,male,5yearly,80,51326.8590685532
454,2065,medium_variant,female,5yearly,85,46341.7462521776
454,2065,medium_variant,male,5yearly,85,30521.1236579252
454,2065,medium_variant,female,5yearly,90,23623.0287026218
454,2065,medium_variant,male,5yearly,90,11559.4505610378
454,2065,medium_variant,female,5yearly,95,7152.1841662258
454,2065,medium_variant,male,5yearly,95,2254.1351597067
454,2070,medium_variant,female,5yearly,0,100000
454,2070,medium_variant,male,5yearly,0,100000
454,2070,medium_variant,female,5yearly,1,97656.5508476664
454,2070,medium_variant,male,5yearly,1,97317.3363660023
454,2070,medium_variant,female,5yearly,5,97185.2258288013
454,2070,medium_variant,male,5yearly,5,96974.7638733889
454,2070,medium_variant,female,5yearly,10,97102.7160851398
454,2070,medium_variant,male,5yearly,10,96897.7221987159
454,2070,medium_variant,female,5yearly,15,97036.6253134864
454,2070,medium_variant,male,5yearly,15,96811.6573633094
454,2070,medium_variant,female,5yearly,20,96925.8039583584
454,2070,medium_variant,male,5yearly,20,96676.1245145419
454,2070,medium_variant,female,5yearly,25,96725.2091788191
454,2070,medium_variant,male,5yearly,25,96477.5512571668
454,2070,medium_variant,female,5yearly,30,96374.2769367255
454,2070,medium_variant,male,5yearly,30,96205.5635635071
454,2070,medium_variant,female,5yearly,35,95914.2695202968
454,2070,medium_variant,male,5yearly,35,95776.7913026351
454,2070,medium_variant,female,5yearly,40,95368.6803442124
454,2070,medium_variant,male,5yearly,40,95193.2508644977
454,2070,medium_variant,female,5yearly,45,94799.9749773468
454,2070,medium_variant,male,5yearly,45,94408.847413608
454,2070,medium_variant,female,5yearly,50,94176.2605391479
454,2070,medium_variant,male,5yearly,50,93338.4786223431
454,2070,medium_variant,female,5yearly,55,93287.6994813793
454,2070,medium_variant,male,5yearly,55,91614.3016236985
454,2070,medium_variant,female,5yearly,60,92027.7705810583
454,2070,medium_variant,male,5yearly,60,88928.2656842525
454,2070,medium_variant,female,5yearly,65,90004.1089973395
454,2070,medium_variant,male,5yearly,65,84925.3918474242
454,2070,medium_variant,female,5yearly,70,86396.3087969969
454,2070,medium_variant,male,5yearly,70,78807.8605983971
454,2070,medium_variant,female,5yearly,75,79533.8534742234
454,2070,medium_variant,male,5yearly,75,68791.9399385424
454,2070,medium_variant,female,5yearly,80,67282.6026370064
454,2070,medium_variant,male,5yearly,80,52836.2403736958
454,2070,medium_variant,female,5yearly,85,47874.9643753892
454,2070,medium_variant,male,5yearly,85,32007.7917453505
454,2070,medium_variant,female,5yearly,90,25013.2709306551
454,2070,medium_variant,male,5yearly,90,12502.2066414679
454,2070,medium_variant,female,5yearly,95,7821.31033920288
454,2070,medium_variant,male,5yearly,95,2549.09002116906
454,2075,medium_variant,female,5yearly,0,100000
454,2075,medium_variant,male,5yearly,0,100000
454,2075,medium_variant,female,5yearly,1,97761.2594029612
454,2075,medium_variant,male,5yearly,1,97445.1767963094
454,2075,medium_variant,female,5yearly,5,97311.0057604307
454,2075,medium_variant,male,5yearly,5,97121.5131430566
454,2075,medium_variant,female,5yearly,10,97232.1596467897
454,2075,medium_variant,male,5yearly,10,97048.4727923545
454,2075,medium_variant,female,5yearly,15,97169.1326658529
454,2075,medium_variant,male,5yearly,15,96966.8098882524
454,2075,medium_variant,female,5yearly,20,97064.3157672359
454,2075,medium_variant,male,5yearly,20,96839.2133522137
454,2075,medium_variant,female,5yearly,25,96876.5035433853
454,2075,medium_variant,male,5yearly,25,96653.4431531612
454,2075,medium_variant,female,5yearly,30,96545.8539317255
454,2075,medium_variant,male,5yearly,30,96398.585694628
454,2075,medium_variant,female,5yearly,35,96110.9643459727
454,2075,medium_variant,male,5yearly,35,95995.9408702002
454,2075,medium_variant,female,5yearly,40,95593.473993294
454,2075,medium_variant,male,5yearly,40,95447.0775268184
454,2075,medium_variant,female,5yearly,45,95053.3217237954
454,2075,medium_variant,male,5yearly,45,94706.9500145246
454,2075,medium_variant,female,5yearly,50,94457.1780295111
454,2075,medium_variant,male,5yearly,50,93689.5418925686
454,2075,medium_variant,female,5yearly,55,93609.9559859459
454,2075,medium_variant,male,5yearly,55,92048.7670545743
454,2075,medium_variant,female,5yearly,60,92409.6212805023
454,2075,medium_variant,male,5yearly,60,89486.2308655453
454,2075,medium_variant,female,5yearly,65,90479.7714398523
454,2075,medium_variant,male,5yearly,65,85659.0304794935
454,2075,medium_variant,female,5yearly,70,87011.6517327347
454,2075,medium_variant,male,5yearly,70,79758.0843075499
454,2075,medium_variant,female,5yearly,75,80376.599204196
454,2075,medium_variant,male,5yearly,75,70017.2416794575
454,2075,medium_variant,female,5yearly,80,68430.6779405447
454,2075,medium_variant,male,5yearly,80,54320.4354765147
454,2075,medium_variant,female,5yearly,85,49342.3240748761
454,2075,medium_variant,male,5yearly,85,33490.6903658077
454,2075,medium_variant,female,5yearly,90,26384.634158877
454,2075,medium_variant,male,5yearly,90,13469.9039103845
454,2075,medium_variant,female,5yearly,95,8484.1184893816
454,2075,medium_variant,male,5yearly,95,2865.36495293041
454,2080,medium_variant,female,5yearly,0,100000
454,2080,medium_variant,male,5yearly,0,100000
454,2080,medium_variant,female,5yearly,1,97867.4850694364
454,2080,medium_variant,male,5yearly,1,97573.1029899261
454,2080,medium_variant,female,5yearly,5,97434.1666346913
454,2080,medium_variant,male,5yearly,5,97265.4066349178
454,2080,medium_variant,female,5yearly,10,97358.8344240939
454,2080,medium_variant,male,5yearly,10,97196.2078071251
454,2080,medium_variant,female,5yearly,15,97298.7308221811
454,2080,medium_variant,male,5yearly,15,97118.7564606999
454,2080,medium_variant,female,5yearly,20,97199.53029718
454,2080,medium_variant,male,5yearly,20,96998.5729506844
454,2080,medium_variant,female,5yearly,25,97023.0515185724
454,2080,medium_variant,male,5yearly,25,96824.1099914467
454,2080,medium_variant,female,5yearly,30,96710.4290524197
454,2080,medium_variant,male,5yearly,30,96585.2987248905
454,2080,medium_variant,female,5yearly,35,96297.2656725974
454,2080,medium_variant,male,5yearly,35,96207.181242928
454,2080,medium_variant,female,5yearly,40,95803.23279194
454,2080,medium_variant,male,5yearly,40,95690.42375648
454,2080,medium_variant,female,5yearly,45,95288.3954336394
454,2080,medium_variant,male,5yearly,45,94992.0690173636
454,2080,medium_variant,female,5yearly,50,94717.3947151698
454,2080,medium_variant,male,5yearly,50,94024.5685409536
454,2080,medium_variant,female,5yearly,55,93907.6449141548
454,2080,medium_variant,male,5yearly,55,92461.1413328965
454,2080,medium_variant,female,5yearly,60,92761.8213148998
454,2080,medium_variant,male,5yearly,60,90014.3318388869
454,2080,medium_variant,female,5yearly,65,90919.1587907358
454,2080,medium_variant,male,5yearly,65,86351.951727685
454,2080,medium_variant,female,5yearly,70,87592.5657192026
454,2080,medium_variant,male,5yearly,70,80672.6695607282
454,2080,medium_variant,female,5yearly,75,81180.5326732299
454,2080,medium_variant,male,5yearly,75,71209.791049144
454,2080,medium_variant,female,5yearly,80,69546.870801646
454,2080,medium_variant,male,5yearly,80,55790.9536008269
454,2080,medium_variant,female,5yearly,85,50778.3988554782
454,2080,medium_variant,male,5yearly,85,34994.3509133606
454,2080,medium_variant,female,5yearly,90,27753.9373458012
454,2080,medium_variant,male,5yearly,90,14491.3945534211
454,2080,medium_variant,female,5yearly,95,9186.84510185559
454,2080,medium_variant,male,5yearly,95,3219.40998548547
454,2085,medium_variant,female,5yearly,0,100000
454,2085,medium_variant,male,5yearly,0,100000
454,2085,medium_variant,female,5yearly,1,97964.4723199233
454,2085,medium_variant,male,5yearly,1,97691.1920035884
454,2085,medium_variant,female,5yearly,5,97551.2684799035
454,2085,medium_variant,male,5yearly,5,97401.2867242222
454,2085,medium_variant,female,5yearly,10,97479.3459522587
454,2085,medium_variant,male,5yearly,10,97335.7907526601
454,2085,medium_variant,female,5yearly,15,97422.0604890278
454,2085,medium_variant,male,5yearly,15,97262.3828105259
454,2085,medium_variant,female,5yearly,20,97328.1858501322
454,2085,medium_variant,male,5yearly,20,97149.1573590174
454,2085,medium_variant,female,5yearly,25,97162.5853599622
454,2085,medium_variant,male,5yearly,25,96985.2852104087
454,2085,medium_variant,female,5yearly,30,96867.8934757727
454,2085,medium_variant,male,5yearly,30,96761.2375725056
454,2085,medium_variant,female,5yearly,35,96476.6665268035
454,2085,medium_variant,male,5yearly,35,96406.5379299015
454,2085,medium_variant,female,5yearly,40,96006.0391260676
454,2085,medium_variant,male,5yearly,40,95920.6806361128
454,2085,medium_variant,female,5yearly,45,95515.4340552079
454,2085,medium_variant,male,5yearly,45,95262.0219019439
454,2085,medium_variant,female,5yearly,50,94968.9888703027
454,2085,medium_variant,male,5yearly,50,94342.8120915914
454,2085,medium_variant,female,5yearly,55,94195.4839597922
454,2085,medium_variant,male,5yearly,55,92853.3453650904
454,2085,medium_variant,female,5yearly,60,93101.0614549651
454,2085,medium_variant,male,5yearly,60,90516.1293204708
454,2085,medium_variant,female,5yearly,65,91340.7690670229
454,2085,medium_variant,male,5yearly,65,87010.7242227589
454,2085,medium_variant,female,5yearly,70,88149.2582029271
454,2085,medium_variant,male,5yearly,70,81543.308577294
454,2085,medium_variant,female,5yearly,75,81962.4094037874
454,2085,medium_variant,male,5yearly,75,72364.8416775741
454,2085,medium_variant,female,5yearly,80,70639.2658820501
454,2085,medium_variant,male,5yearly,80,57233.6534353874
454,2085,medium_variant,female,5yearly,85,52189.8454896951
454,2085,medium_variant,male,5yearly,85,36517.6319772422
454,2085,medium_variant,female,5yearly,90,29124.0843837113
454,2085,medium_variant,male,5yearly,90,15577.8283390751
454,2085,medium_variant,female,5yearly,95,9894.1656852005
454,2085,medium_variant,male,5yearly,95,3622.38911271457
454,2090,medium_variant,female,5yearly,0,100000
454,2090,medium_variant,male,5yearly,0,100000
454,2090,medium_variant,female,5yearly,1,98059.3473909396
454,2090,medium_variant,male,5yearly,1,97808.1491113408
454,2090,medium_variant,female,5yearly,5,97664.7544572395
454,2090,medium_variant,male,5yearly,5,97533.8076549975
454,2090,medium_variant,female,5yearly,10,97596.1353687111
454,2090,medium_variant,male,5yearly,10,97471.9190208963
454,2090,medium_variant,female,5yearly,15,97541.5706861834
454,2090,medium_variant,male,5yearly,15,97402.444467226
454,2090,medium_variant,female,5yearly,20,97452.7597890092
454,2090,medium_variant,male,5yearly,20,97295.8863154591
454,2090,medium_variant,female,5yearly,25,97297.6163578651
454,2090,medium_variant,male,5yearly,25,97142.1291842951
454,2090,medium_variant,female,5yearly,30,97021.7706052217
454,2090,medium_variant,male,5yearly,30,96932.4392394759
454,2090,medium_variant,female,5yearly,35,96653.8653305595
454,2090,medium_variant,male,5yearly,35,96600.1374547555
454,2090,medium_variant,female,5yearly,40,96208.7445333054
454,2090,medium_variant,male,5yearly,40,96144.8271228119
454,2090,medium_variant,female,5yearly,45,95742.8797974853
454,2090,medium_variant,male,5yearly,45,95524.8383577897
454,2090,medium_variant,female,5yearly,50,95220.8218691843
454,2090,medium_variant,male,5yearly,50,94652.7401817875
454,2090,medium_variant,female,5yearly,55,94482.8849468572
454,2090,medium_variant,male,5yearly,55,93235.5574661549
454,2090,medium_variant,female,5yearly,60,93438.2608039632
454,2090,medium_variant,male,5yearly,60,91004.9436240558
454,2090,medium_variant,female,5yearly,65,91756.6680942654
454,2090,medium_variant,male,5yearly,65,87651.939633567
454,2090,medium_variant,female,5yearly,70,88694.517310501
454,2090,medium_variant,male,5yearly,70,82391.5548426288
454,2090,medium_variant,female,5yearly,75,82725.4940603198
454,2090,medium_variant,male,5yearly,75,73493.927399986
454,2090,medium_variant,female,5yearly,80,71717.7104227691
454,2090,medium_variant,male,5yearly,80,58669.6505087323
454,2090,medium_variant,female,5yearly,85,53584.6067927497
454,2090,medium_variant,male,5yearly,85,38044.8726665584
454,2090,medium_variant,female,5yearly,90,30432.2120032179
454,2090,medium_variant,male,5yearly,90,16693.0919204175
454,2090,medium_variant,female,5yearly,95,10637.4858096997
454,2090,medium_variant,male,5yearly,95,4053.65793841013
454,2095,medium_variant,female,5yearly,0,100000
454,2095,medium_variant,male,5yearly,0,100000
454,2095,medium_variant,female,5yearly,1,98153.3283255814
454,2095,medium_variant,male,5yearly,1,97921.3731066875
454,2095,medium_variant,female,5yearly,5,97776.1505033259
454,2095,medium_variant,male,5yearly,5,97663.3344666637
454,2095,medium_variant,female,5yearly,10,97710.7838804462
454,2095,medium_variant,male,5yearly,10,97604.9796561257
454,2095,medium_variant,female,5yearly,15,97658.8944280021
454,2095,medium_variant,male,5yearly,15,97539.3541361367
454,2095,medium_variant,female,5yearly,20,97574.9724134129
454,2095,medium_variant,male,5yearly,20,97439.2595919607
454,2095,medium_variant,female,5yearly,25,97429.747473939
454,2095,medium_variant,male,5yearly,25,97295.22729587
454,2095,medium_variant,female,5yearly,30,97172.7796397837
454,2095,medium_variant,male,5yearly,30,97099.5787046047
454,2095,medium_variant,female,5yearly,35,96829.1193765472
454,2095,medium_variant,male,5yearly,35,96789.2297746933
454,2095,medium_variant,female,5yearly,40,96410.9910214976
454,2095,medium_variant,male,5yearly,40,96363.7599316625
454,2095,medium_variant,female,5yearly,45,95970.7885289192
454,2095,medium_variant,male,5yearly,45,95781.9006233367
454,2095,medium_variant,female,5yearly,50,95473.4244880958
454,2095,medium_variant,male,5yearly,50,94956.0871854799
454,2095,medium_variant,female,5yearly,55,94770.5911594663
454,2095,medium_variant,male,5yearly,55,93609.5032226527
454,2095,medium_variant,female,5yearly,60,93775.1770819507
454,2095,medium_variant,male,5yearly,60,91483.7336343847
454,2095,medium_variant,female,5yearly,65,92171.0389616544
454,2095,medium_variant,male,5yearly,65,88280.46932191
454,2095,medium_variant,female,5yearly,70,89235.6451927992
454,2095,medium_variant,male,5yearly,70,83224.1694629461
454,2095,medium_variant,female,5yearly,75,83481.1546260448
454,2095,medium_variant,male,5yearly,75,74606.3621520243
454,2095,medium_variant,female,5yearly,80,72787.6602090335
454,2095,medium_variant,male,5yearly,80,60094.4514822259
454,2095,medium_variant,female,5yearly,85,54959.9776166183
454,2095,medium_variant,male,5yearly,85,39573.099970935
454,2095,medium_variant,female,5yearly,90,31781.0763680644
454,2095,medium_variant,male,5yearly,90,17835.5710056593
454,2095,medium_variant,female,5yearly,95,11422.0000333779
454,2095,medium_variant,male,5yearly,95,4513.63838414678
