region,year,variant,gender,freq,age1yearinterval,lifeexpectancy
906,1950,estimates,female,5Yearly,0,46.7763746230312
906,1950,estimates,male,5Yearly,0,43.7407798329818
906,1950,estimates,female,5Yearly,1,52.1057805508591
906,1950,estimates,male,5Yearly,1,48.9339109537402
906,1950,estimates,female,5Yearly,5,52.501541344852
906,1950,estimates,male,5Yearly,5,49.222115292406
906,1950,estimates,female,5Yearly,10,49.2048729628504
906,1950,estimates,male,5Yearly,10,46.1214338033055
906,1950,estimates,female,5Yearly,15,45.1854520713543
906,1950,estimates,male,5Yearly,15,42.2806157371771
906,1950,estimates,female,5Yearly,20,41.1175958068883
906,1950,estimates,male,5Yearly,20,38.3653236391311
906,1950,estimates,female,5Yearly,25,37.1990961097115
906,1950,estimates,male,5Yearly,25,34.5151840787562
906,1950,estimates,female,5Yearly,30,33.4325700892108
906,1950,estimates,male,5Yearly,30,30.6238487188255
906,1950,estimates,female,5Yearly,35,29.6872675350457
906,1950,estimates,male,5Yearly,35,26.6907679367621
906,1950,estimates,female,5Yearly,40,26.0260082576117
906,1950,estimates,male,5Yearly,40,22.8749142524983
906,1950,estimates,female,5Yearly,45,22.5910129287138
906,1950,estimates,male,5Yearly,45,19.3843412021635
906,1950,estimates,female,5Yearly,50,19.1665278240168
906,1950,estimates,male,5Yearly,50,16.1875505557511
906,1950,estimates,female,5Yearly,55,15.6104104436265
906,1950,estimates,male,5Yearly,55,13.1295220432629
906,1950,estimates,female,5Yearly,60,12.3815750627696
906,1950,estimates,male,5Yearly,60,10.4141939401075
906,1950,estimates,female,5Yearly,65,9.83686231609289
906,1950,estimates,male,5Yearly,65,8.21126370044628
906,1950,estimates,female,5Yearly,70,7.69924283932855
906,1950,estimates,male,5Yearly,70,6.37950592753017
906,1950,estimates,female,5Yearly,75,5.93108823821813
906,1950,estimates,male,5Yearly,75,4.91698826349224
906,1950,estimates,female,5Yearly,80,4.54509297430654
906,1950,estimates,male,5Yearly,80,3.79302451729508
906,1950,estimates,female,5Yearly,85,3.4947486260392
906,1950,estimates,male,5Yearly,85,2.95536312826286
906,1950,estimates,female,5Yearly,90,2.723539525088
906,1950,estimates,male,5Yearly,90,2.34809084336038
906,1950,estimates,female,5Yearly,95,2.17290751095222
906,1950,estimates,male,5Yearly,95,1.91809224319016
906,1950,estimates,female,5Yearly,100plus,1.78885349323532
906,1950,estimates,male,5Yearly,100plus,1.61936133494183
906,1955,estimates,female,5Yearly,0,48.0281881380656
906,1955,estimates,male,5Yearly,0,44.6550511008511
906,1955,estimates,female,5Yearly,1,53.4638487438914
906,1955,estimates,male,5Yearly,1,50.0199827776618
906,1955,estimates,female,5Yearly,5,53.6600026365694
906,1955,estimates,male,5Yearly,5,50.0663536209702
906,1955,estimates,female,5Yearly,10,50.3171551138847
906,1955,estimates,male,5Yearly,10,46.7428557572621
906,1955,estimates,female,5Yearly,15,46.1621614167975
906,1955,estimates,male,5Yearly,15,42.6934240266004
906,1955,estimates,female,5Yearly,20,41.9721826796315
906,1955,estimates,male,5Yearly,20,38.6646254226331
906,1955,estimates,female,5Yearly,25,37.9142388363499
906,1955,estimates,male,5Yearly,25,34.7107643530777
906,1955,estimates,female,5Yearly,30,34.0193680914174
906,1955,estimates,male,5Yearly,30,30.7208924446054
906,1955,estimates,female,5Yearly,35,30.2127791000525
906,1955,estimates,male,5Yearly,35,26.7115156210339
906,1955,estimates,female,5Yearly,40,26.4732575471507
906,1955,estimates,male,5Yearly,40,22.8256212553974
906,1955,estimates,female,5Yearly,45,22.777619499666
906,1955,estimates,male,5Yearly,45,19.1721589679153
906,1955,estimates,female,5Yearly,50,19.0916916493743
906,1955,estimates,male,5Yearly,50,15.7728172865083
906,1955,estimates,female,5Yearly,55,15.518324717818
906,1955,estimates,male,5Yearly,55,12.7092627896525
906,1955,estimates,female,5Yearly,60,12.2941612248257
906,1955,estimates,male,5Yearly,60,10.0856299950576
906,1955,estimates,female,5Yearly,65,9.63018114869221
906,1955,estimates,male,5Yearly,65,7.86360437647408
906,1955,estimates,female,5Yearly,70,7.36936631503444
906,1955,estimates,male,5Yearly,70,5.96305626902858
906,1955,estimates,female,5Yearly,75,5.53043588344954
906,1955,estimates,male,5Yearly,75,4.47893750669211
906,1955,estimates,female,5Yearly,80,4.12673245139399
906,1955,estimates,male,5Yearly,80,3.3751316960491
906,1955,estimates,female,5Yearly,85,3.10025710903168
906,1955,estimates,male,5Yearly,85,2.58521162887785
906,1955,estimates,female,5Yearly,90,2.37889401665227
906,1955,estimates,male,5Yearly,90,2.03878408886716
906,1955,estimates,female,5Yearly,95,1.8890504522944
906,1955,estimates,male,5Yearly,95,1.67120128399708
906,1955,estimates,female,5Yearly,100plus,1.56546144345139
906,1955,estimates,male,5Yearly,100plus,1.42919152997496
906,1960,estimates,female,5Yearly,0,48.1840982699744
906,1960,estimates,male,5Yearly,0,45.1427419849705
906,1960,estimates,female,5Yearly,1,53.9597338161606
906,1960,estimates,male,5Yearly,1,50.6328981051746
906,1960,estimates,female,5Yearly,5,54.3705449324888
906,1960,estimates,male,5Yearly,5,50.833966408303
906,1960,estimates,female,5Yearly,10,51.0585065749522
906,1960,estimates,male,5Yearly,10,47.4981870863164
906,1960,estimates,female,5Yearly,15,46.9444553729011
906,1960,estimates,male,5Yearly,15,43.4794531483363
906,1960,estimates,female,5Yearly,20,42.7630390369424
906,1960,estimates,male,5Yearly,20,39.4091526294405
906,1960,estimates,female,5Yearly,25,38.6887150460917
906,1960,estimates,male,5Yearly,25,35.3568210986744
906,1960,estimates,female,5Yearly,30,34.7346318971113
906,1960,estimates,male,5Yearly,30,31.2836565282234
906,1960,estimates,female,5Yearly,35,30.8766373297346
906,1960,estimates,male,5Yearly,35,27.2307520669771
906,1960,estimates,female,5Yearly,40,27.094113658318
906,1960,estimates,male,5Yearly,40,23.3075042863478
906,1960,estimates,female,5Yearly,45,23.3640873658593
906,1960,estimates,male,5Yearly,45,19.6256732176949
906,1960,estimates,female,5Yearly,50,19.6594544835721
906,1960,estimates,male,5Yearly,50,16.2182489916815
906,1960,estimates,female,5Yearly,55,16.0884875971495
906,1960,estimates,male,5Yearly,55,13.1744064674964
906,1960,estimates,female,5Yearly,60,12.887565801561
906,1960,estimates,male,5Yearly,60,10.5907039033846
906,1960,estimates,female,5Yearly,65,10.2123869835015
906,1960,estimates,male,5Yearly,65,8.38513695511187
906,1960,estimates,female,5Yearly,70,7.98774842532817
906,1960,estimates,male,5Yearly,70,6.54510408172969
906,1960,estimates,female,5Yearly,75,6.14955851545963
906,1960,estimates,male,5Yearly,75,5.07665592399009
906,1960,estimates,female,5Yearly,80,4.70368262581547
906,1960,estimates,male,5Yearly,80,3.93833696910483
906,1960,estimates,female,5Yearly,85,3.60512377855815
906,1960,estimates,male,5Yearly,85,3.08119564529875
906,1960,estimates,female,5Yearly,90,2.79729259801144
906,1960,estimates,male,5Yearly,90,2.45253892808641
906,1960,estimates,female,5Yearly,95,2.22031008369713
906,1960,estimates,male,5Yearly,95,2.00178520168534
906,1960,estimates,female,5Yearly,100plus,1.81818678908501
906,1960,estimates,male,5Yearly,100plus,1.68452450189236
906,1965,estimates,female,5Yearly,0,58.8887549308009
906,1965,estimates,male,5Yearly,0,54.5771069293597
906,1965,estimates,female,5Yearly,1,62.9784088618567
906,1965,estimates,male,5Yearly,1,59.257619475646
906,1965,estimates,female,5Yearly,5,61.8322945623836
906,1965,estimates,male,5Yearly,5,58.6264981122324
906,1965,estimates,female,5Yearly,10,57.5570630007416
906,1965,estimates,male,5Yearly,10,54.4644692937179
906,1965,estimates,female,5Yearly,15,52.9104382918416
906,1965,estimates,male,5Yearly,15,49.857368589652
906,1965,estimates,female,5Yearly,20,48.3709966369792
906,1965,estimates,male,5Yearly,20,45.3655221034556
906,1965,estimates,female,5Yearly,25,43.9399383823759
906,1965,estimates,male,5Yearly,25,40.9771006003934
906,1965,estimates,female,5Yearly,30,39.5821825523011
906,1965,estimates,male,5Yearly,30,36.6561619994258
906,1965,estimates,female,5Yearly,35,35.2985775253134
906,1965,estimates,male,5Yearly,35,32.3882799741025
906,1965,estimates,female,5Yearly,40,31.1019090800491
906,1965,estimates,male,5Yearly,40,28.2054847773886
906,1965,estimates,female,5Yearly,45,27.014529533778
906,1965,estimates,male,5Yearly,45,24.1673370996348
906,1965,estimates,female,5Yearly,50,23.0890074085563
906,1965,estimates,male,5Yearly,50,20.2992986729423
906,1965,estimates,female,5Yearly,55,19.3534049147176
906,1965,estimates,male,5Yearly,55,16.6532560616192
906,1965,estimates,female,5Yearly,60,15.8580887924128
906,1965,estimates,male,5Yearly,60,13.4053271096503
906,1965,estimates,female,5Yearly,65,12.7061267616284
906,1965,estimates,male,5Yearly,65,10.702922719165
906,1965,estimates,female,5Yearly,70,9.83457550040386
906,1965,estimates,male,5Yearly,70,8.40129842778926
906,1965,estimates,female,5Yearly,75,7.40787328644032
906,1965,estimates,male,5Yearly,75,6.4678796246809
906,1965,estimates,female,5Yearly,80,5.48348081284099
906,1965,estimates,male,5Yearly,80,4.93911888443561
906,1965,estimates,female,5Yearly,85,4.0304879837898
906,1965,estimates,male,5Yearly,85,3.77265228599352
906,1965,estimates,female,5Yearly,90,2.98588557815883
906,1965,estimates,male,5Yearly,90,2.91237112581255
906,1965,estimates,female,5Yearly,95,2.26825039265844
906,1965,estimates,male,5Yearly,95,2.29704108175823
906,1965,estimates,female,5Yearly,100plus,1.79403719719519
906,1965,estimates,male,5Yearly,100plus,1.86821120782344
906,1970,estimates,female,5Yearly,0,64.34301749307
906,1970,estimates,male,5Yearly,0,60.814771879933
906,1970,estimates,female,5Yearly,1,67.6250980192576
906,1970,estimates,male,5Yearly,1,64.2957798545449
906,1970,estimates,female,5Yearly,5,65.3975421468532
906,1970,estimates,male,5Yearly,5,62.117346290793
906,1970,estimates,female,5Yearly,10,61.0599043686374
906,1970,estimates,male,5Yearly,10,57.8067523582271
906,1970,estimates,female,5Yearly,15,56.3533878586841
906,1970,estimates,male,5Yearly,15,53.1260233183121
906,1970,estimates,female,5Yearly,20,51.623357519025
906,1970,estimates,male,5Yearly,20,48.4266150621743
906,1970,estimates,female,5Yearly,25,46.9472447451356
906,1970,estimates,male,5Yearly,25,43.7753801348374
906,1970,estimates,female,5Yearly,30,42.3160454783615
906,1970,estimates,male,5Yearly,30,39.1578553092486
906,1970,estimates,female,5Yearly,35,37.7317559270014
906,1970,estimates,male,5Yearly,35,34.5861860910593
906,1970,estimates,female,5Yearly,40,33.2291319283322
906,1970,estimates,male,5Yearly,40,30.0866887932851
906,1970,estimates,female,5Yearly,45,28.8283150613777
906,1970,estimates,male,5Yearly,45,25.7146903157495
906,1970,estimates,female,5Yearly,50,24.5524942161706
906,1970,estimates,male,5Yearly,50,21.575602170292
906,1970,estimates,female,5Yearly,55,20.4898277007812
906,1970,estimates,male,5Yearly,55,17.7533619298178
906,1970,estimates,female,5Yearly,60,16.7315760190045
906,1970,estimates,male,5Yearly,60,14.3476392500046
906,1970,estimates,female,5Yearly,65,13.3375071849586
906,1970,estimates,male,5Yearly,65,11.4280615962893
906,1970,estimates,female,5Yearly,70,10.3026842721661
906,1970,estimates,male,5Yearly,70,8.89488958728107
906,1970,estimates,female,5Yearly,75,7.7362784896157
906,1970,estimates,male,5Yearly,75,6.77331996491098
906,1970,estimates,female,5Yearly,80,5.69263728148378
906,1970,estimates,male,5Yearly,80,5.09884348283103
906,1970,estimates,female,5Yearly,85,4.14809588302281
906,1970,estimates,male,5Yearly,85,3.83067531806648
906,1970,estimates,female,5Yearly,90,3.04101242693371
906,1970,estimates,male,5Yearly,90,2.90786637027042
906,1970,estimates,female,5Yearly,95,2.28597776768519
906,1970,estimates,male,5Yearly,95,2.26030711131871
906,1970,estimates,female,5Yearly,100plus,1.79262456171921
906,1970,estimates,male,5Yearly,100plus,1.81967840965348
906,1975,estimates,female,5Yearly,0,67.9593539868483
906,1975,estimates,male,5Yearly,0,64.5943740956701
906,1975,estimates,female,5Yearly,1,70.3335343588281
906,1975,estimates,male,5Yearly,1,67.1652828003212
906,1975,estimates,female,5Yearly,5,67.5345435666174
906,1975,estimates,male,5Yearly,5,64.3721065245214
906,1975,estimates,female,5Yearly,10,63.0258173384902
906,1975,estimates,male,5Yearly,10,59.9077319797761
906,1975,estimates,female,5Yearly,15,58.2619905333971
906,1975,estimates,male,5Yearly,15,55.176331987696
906,1975,estimates,female,5Yearly,20,53.4920031458793
906,1975,estimates,male,5Yearly,20,50.4283017558474
906,1975,estimates,female,5Yearly,25,48.7766657818193
906,1975,estimates,male,5Yearly,25,45.7212166658902
906,1975,estimates,female,5Yearly,30,44.0976655557546
906,1975,estimates,male,5Yearly,30,41.0470768506019
906,1975,estimates,female,5Yearly,35,39.4468669621371
906,1975,estimates,male,5Yearly,35,36.4104029823681
906,1975,estimates,female,5Yearly,40,34.8425912665632
906,1975,estimates,male,5Yearly,40,31.8350207934724
906,1975,estimates,female,5Yearly,45,30.3028919108444
906,1975,estimates,male,5Yearly,45,27.3595556128016
906,1975,estimates,female,5Yearly,50,25.8845260155707
906,1975,estimates,male,5Yearly,50,23.0579726173106
906,1975,estimates,female,5Yearly,55,21.6520982289608
906,1975,estimates,male,5Yearly,55,19.0155435847482
906,1975,estimates,female,5Yearly,60,17.6749901301767
906,1975,estimates,male,5Yearly,60,15.3153055469968
906,1975,estimates,female,5Yearly,65,14.0358777667636
906,1975,estimates,male,5Yearly,65,12.0620019079688
906,1975,estimates,female,5Yearly,70,10.8180983885644
906,1975,estimates,male,5Yearly,70,9.2616824615314
906,1975,estimates,female,5Yearly,75,8.10574635302293
906,1975,estimates,male,5Yearly,75,6.93773948793013
906,1975,estimates,female,5Yearly,80,5.93388709760826
906,1975,estimates,male,5Yearly,80,5.11552588525971
906,1975,estimates,female,5Yearly,85,4.28823410664182
906,1975,estimates,male,5Yearly,85,3.75623626145587
906,1975,estimates,female,5Yearly,90,3.11037785723963
906,1975,estimates,male,5Yearly,90,2.79082054368503
906,1975,estimates,female,5Yearly,95,2.31183797990207
906,1975,estimates,male,5Yearly,95,2.13512605702584
906,1975,estimates,female,5Yearly,100plus,1.7953712760528
906,1975,estimates,male,5Yearly,100plus,1.70618545909862
906,1980,estimates,female,5Yearly,0,70.3326317076402
906,1980,estimates,male,5Yearly,0,66.6466284592512
906,1980,estimates,female,5Yearly,1,72.1599400956408
906,1980,estimates,male,5Yearly,1,68.6412292402185
906,1980,estimates,female,5Yearly,5,68.9755306254612
906,1980,estimates,male,5Yearly,5,65.496157682947
906,1980,estimates,female,5Yearly,10,64.3297201335642
906,1980,estimates,male,5Yearly,10,60.8910741270789
906,1980,estimates,female,5Yearly,15,59.5275427541153
906,1980,estimates,male,5Yearly,15,56.1174655565924
906,1980,estimates,female,5Yearly,20,54.7346535905666
906,1980,estimates,male,5Yearly,20,51.3530062310408
906,1980,estimates,female,5Yearly,25,49.9885746046687
906,1980,estimates,male,5Yearly,25,46.6348924638666
906,1980,estimates,female,5Yearly,30,45.2722969480567
906,1980,estimates,male,5Yearly,30,41.9352296867208
906,1980,estimates,female,5Yearly,35,40.5804810196732
906,1980,estimates,male,5Yearly,35,37.2602811329056
906,1980,estimates,female,5Yearly,40,35.9265000300273
906,1980,estimates,male,5Yearly,40,32.6501989430895
906,1980,estimates,female,5Yearly,45,31.3380789382223
906,1980,estimates,male,5Yearly,45,28.1431883555028
906,1980,estimates,female,5Yearly,50,26.8686192969302
906,1980,estimates,male,5Yearly,50,23.803634433412
906,1980,estimates,female,5Yearly,55,22.5668740489899
906,1980,estimates,male,5Yearly,55,19.7004286471783
906,1980,estimates,female,5Yearly,60,18.4993432401532
906,1980,estimates,male,5Yearly,60,15.9183928408622
906,1980,estimates,female,5Yearly,65,14.7538335831539
906,1980,estimates,male,5Yearly,65,12.5508173137319
906,1980,estimates,female,5Yearly,70,11.3903200177472
906,1980,estimates,male,5Yearly,70,9.64059895650798
906,1980,estimates,female,5Yearly,75,8.53863900889533
906,1980,estimates,male,5Yearly,75,7.22977057902646
906,1980,estimates,female,5Yearly,80,6.23765538198391
906,1980,estimates,male,5Yearly,80,5.32805059054844
906,1980,estimates,female,5Yearly,85,4.48400682663525
906,1980,estimates,male,5Yearly,85,3.90190918853901
906,1980,estimates,female,5Yearly,90,3.22529026479552
906,1980,estimates,male,5Yearly,90,2.88489871902048
906,1980,estimates,female,5Yearly,95,2.37271188069218
906,1980,estimates,male,5Yearly,95,2.19249946688399
906,1980,estimates,female,5Yearly,100plus,1.82394784333815
906,1980,estimates,male,5Yearly,100plus,1.73926451109988
906,1985,estimates,female,5Yearly,0,71.6060551222115
906,1985,estimates,male,5Yearly,0,67.8186555932933
906,1985,estimates,female,5Yearly,1,73.3716448638477
906,1985,estimates,male,5Yearly,1,69.7505075060152
906,1985,estimates,female,5Yearly,5,70.1325456200091
906,1985,estimates,male,5Yearly,5,66.5489306718903
906,1985,estimates,female,5Yearly,10,65.408592384793
906,1985,estimates,male,5Yearly,10,61.880664101253
906,1985,estimates,female,5Yearly,15,60.5710904296336
906,1985,estimates,male,5Yearly,15,57.0816359212314
906,1985,estimates,female,5Yearly,20,55.7644486069507
906,1985,estimates,male,5Yearly,20,52.3069069210179
906,1985,estimates,female,5Yearly,25,51.00509543181
906,1985,estimates,male,5Yearly,25,47.5816988870096
906,1985,estimates,female,5Yearly,30,46.26958956805
906,1985,estimates,male,5Yearly,30,42.8792449979878
906,1985,estimates,female,5Yearly,35,41.5565889618856
906,1985,estimates,male,5Yearly,35,38.1966131888153
906,1985,estimates,female,5Yearly,40,36.872437476637
906,1985,estimates,male,5Yearly,40,33.5704361540607
906,1985,estimates,female,5Yearly,45,32.2410840657083
906,1985,estimates,male,5Yearly,45,29.0339963837704
906,1985,estimates,female,5Yearly,50,27.7133177597049
906,1985,estimates,male,5Yearly,50,24.6342546921528
906,1985,estimates,female,5Yearly,55,23.3229536466416
906,1985,estimates,male,5Yearly,55,20.44651385534
906,1985,estimates,female,5Yearly,60,19.159810843418
906,1985,estimates,male,5Yearly,60,16.5707855021883
906,1985,estimates,female,5Yearly,65,15.3397047663704
906,1985,estimates,male,5Yearly,65,13.0921605286377
906,1985,estimates,female,5Yearly,70,11.9310197207539
906,1985,estimates,male,5Yearly,70,10.0363727516147
906,1985,estimates,female,5Yearly,75,9.01453774739874
906,1985,estimates,male,5Yearly,75,7.50401764404296
906,1985,estimates,female,5Yearly,80,6.63640102085305
906,1985,estimates,male,5Yearly,80,5.49956715054118
906,1985,estimates,female,5Yearly,85,4.80003373935724
906,1985,estimates,male,5Yearly,85,3.99564942152441
906,1985,estimates,female,5Yearly,90,3.46168732034619
906,1985,estimates,male,5Yearly,90,2.92656436527398
906,1985,estimates,female,5Yearly,95,2.54010858740579
906,1985,estimates,male,5Yearly,95,2.20381237433844
906,1985,estimates,female,5Yearly,100plus,1.93701808813986
906,1985,estimates,male,5Yearly,100plus,1.73566444938303
906,1990,estimates,female,5Yearly,0,72.7317648018737
906,1990,estimates,male,5Yearly,0,68.531584329319
906,1990,estimates,female,5Yearly,1,74.3804936276374
906,1990,estimates,male,5Yearly,1,70.3352551833464
906,1990,estimates,female,5Yearly,5,71.0304628175085
906,1990,estimates,male,5Yearly,5,67.0136696291934
906,1990,estimates,female,5Yearly,10,66.2612058903001
906,1990,estimates,male,5Yearly,10,62.298604080361
906,1990,estimates,female,5Yearly,15,61.3920563333864
906,1990,estimates,male,5Yearly,15,57.4702984884371
906,1990,estimates,female,5Yearly,20,56.5638992443562
906,1990,estimates,male,5Yearly,20,52.6823524620213
906,1990,estimates,female,5Yearly,25,51.7811949454077
906,1990,estimates,male,5Yearly,25,47.94579622477
906,1990,estimates,female,5Yearly,30,47.0209245686946
906,1990,estimates,male,5Yearly,30,43.2315587864784
906,1990,estimates,female,5Yearly,35,42.2761832604152
906,1990,estimates,male,5Yearly,35,38.5380742299533
906,1990,estimates,female,5Yearly,40,37.5634094865771
906,1990,estimates,male,5Yearly,40,33.9001971813314
906,1990,estimates,female,5Yearly,45,32.911654857002
906,1990,estimates,male,5Yearly,45,29.3381577803233
906,1990,estimates,female,5Yearly,50,28.3615317035347
906,1990,estimates,male,5Yearly,50,24.903040784832
906,1990,estimates,female,5Yearly,55,23.9543020753542
906,1990,estimates,male,5Yearly,55,20.7028279694181
906,1990,estimates,female,5Yearly,60,19.7744435502031
906,1990,estimates,male,5Yearly,60,16.8173146367364
906,1990,estimates,female,5Yearly,65,15.9211029466308
906,1990,estimates,male,5Yearly,65,13.3277018954161
906,1990,estimates,female,5Yearly,70,12.4640120847793
906,1990,estimates,male,5Yearly,70,10.3444864889325
906,1990,estimates,female,5Yearly,75,9.48108543758399
906,1990,estimates,male,5Yearly,75,7.86407900239845
906,1990,estimates,female,5Yearly,80,7.02606155883
906,1990,estimates,male,5Yearly,80,5.8730709158105
906,1990,estimates,female,5Yearly,85,5.10868127036237
906,1990,estimates,male,5Yearly,85,4.34692712445708
906,1990,estimates,female,5Yearly,90,3.6930160684506
906,1990,estimates,male,5Yearly,90,3.2303003229688
906,1990,estimates,female,5Yearly,95,2.70459001933464
906,1990,estimates,male,5Yearly,95,2.44834036982006
906,1990,estimates,female,5Yearly,100plus,2.04878338272316
906,1990,estimates,male,5Yearly,100plus,1.92131578754736
906,1995,estimates,female,5Yearly,0,74.0066154646086
906,1995,estimates,male,5Yearly,0,69.599004044459
906,1995,estimates,female,5Yearly,1,75.2586052608658
906,1995,estimates,male,5Yearly,1,70.9867108098526
906,1995,estimates,female,5Yearly,5,71.8351490320261
906,1995,estimates,male,5Yearly,5,67.5693906417131
906,1995,estimates,female,5Yearly,10,67.0283189396087
906,1995,estimates,male,5Yearly,10,62.8047266178357
906,1995,estimates,female,5Yearly,15,62.1448377904032
906,1995,estimates,male,5Yearly,15,57.9606538675443
906,1995,estimates,female,5Yearly,20,57.3052677973714
906,1995,estimates,male,5Yearly,20,53.1672494253064
906,1995,estimates,female,5Yearly,25,52.5084814001616
906,1995,estimates,male,5Yearly,25,48.4297517255636
906,1995,estimates,female,5Yearly,30,47.7317412839626
906,1995,estimates,male,5Yearly,30,43.7173550501269
906,1995,estimates,female,5Yearly,35,42.9715791732868
906,1995,estimates,male,5Yearly,35,39.0231168914988
906,1995,estimates,female,5Yearly,40,38.2420089362334
906,1995,estimates,male,5Yearly,40,34.3726555578302
906,1995,estimates,female,5Yearly,45,33.5727828941913
906,1995,estimates,male,5Yearly,45,29.7923420183318
906,1995,estimates,female,5Yearly,50,29.0012167669509
906,1995,estimates,male,5Yearly,50,25.3405408524613
906,1995,estimates,female,5Yearly,55,24.5633103075865
906,1995,estimates,male,5Yearly,55,21.1215678775502
906,1995,estimates,female,5Yearly,60,20.3538323541935
906,1995,estimates,male,5Yearly,60,17.1930641128851
906,1995,estimates,female,5Yearly,65,16.4638027158687
906,1995,estimates,male,5Yearly,65,13.6439771303754
906,1995,estimates,female,5Yearly,70,12.9406882690662
906,1995,estimates,male,5Yearly,70,10.6172477086102
906,1995,estimates,female,5Yearly,75,9.89613624843789
906,1995,estimates,male,5Yearly,75,8.10624464303407
906,1995,estimates,female,5Yearly,80,7.37117295416742
906,1995,estimates,male,5Yearly,80,6.07899973230252
906,1995,estimates,female,5Yearly,85,5.3810171511099
906,1995,estimates,male,5Yearly,85,4.51407635560263
906,1995,estimates,female,5Yearly,90,3.89636723741872
906,1995,estimates,male,5Yearly,90,3.35974729938227
906,1995,estimates,female,5Yearly,95,2.84845655352973
906,1995,estimates,male,5Yearly,95,2.54424961090104
906,1995,estimates,female,5Yearly,100plus,2.14575051865083
906,1995,estimates,male,5Yearly,100plus,1.98965014044549
906,2000,estimates,female,5Yearly,0,76.0346281479587
906,2000,estimates,male,5Yearly,0,72.1186899154685
906,2000,estimates,female,5Yearly,1,76.6978255657421
906,2000,estimates,male,5Yearly,1,72.9359727388798
906,2000,estimates,female,5Yearly,5,73.0470126692937
906,2000,estimates,male,5Yearly,5,69.3045731693748
906,2000,estimates,female,5Yearly,10,68.200797940409
906,2000,estimates,male,5Yearly,10,64.4745595819423
906,2000,estimates,female,5Yearly,15,63.3079333415947
906,2000,estimates,male,5Yearly,15,59.5921481322587
906,2000,estimates,female,5Yearly,20,58.4346630826982
906,2000,estimates,male,5Yearly,20,54.7466459214379
906,2000,estimates,female,5Yearly,25,53.5919406168339
906,2000,estimates,male,5Yearly,25,49.9562171600471
906,2000,estimates,female,5Yearly,30,48.7739286210001
906,2000,estimates,male,5Yearly,30,45.2084675989678
906,2000,estimates,female,5Yearly,35,43.9806521657637
906,2000,estimates,male,5Yearly,35,40.5029818643098
906,2000,estimates,female,5Yearly,40,39.2249670949706
906,2000,estimates,male,5Yearly,40,35.8460565686243
906,2000,estimates,female,5Yearly,45,34.5273438520331
906,2000,estimates,male,5Yearly,45,31.2442571057605
906,2000,estimates,female,5Yearly,50,29.9225874628726
906,2000,estimates,male,5Yearly,50,26.7278616986898
906,2000,estimates,female,5Yearly,55,25.4431702295106
906,2000,estimates,male,5Yearly,55,22.3712300351002
906,2000,estimates,female,5Yearly,60,21.1608904689411
906,2000,estimates,male,5Yearly,60,18.273959452579
906,2000,estimates,female,5Yearly,65,17.1823018017305
906,2000,estimates,male,5Yearly,65,14.5613304917521
906,2000,estimates,female,5Yearly,70,13.6008286069624
906,2000,estimates,male,5Yearly,70,11.3609149388864
906,2000,estimates,female,5Yearly,75,10.4926692763063
906,2000,estimates,male,5Yearly,75,8.68546638952887
906,2000,estimates,female,5Yearly,80,7.88786013438275
906,2000,estimates,male,5Yearly,80,6.50562112873693
906,2000,estimates,female,5Yearly,85,5.8070160355779
906,2000,estimates,male,5Yearly,85,4.80996393329902
906,2000,estimates,female,5Yearly,90,4.22938157826045
906,2000,estimates,male,5Yearly,90,3.55263754232209
906,2000,estimates,female,5Yearly,95,3.09534543457065
906,2000,estimates,male,5Yearly,95,2.66251359899094
906,2000,estimates,female,5Yearly,100plus,2.32015461433536
906,2000,estimates,male,5Yearly,100plus,2.0579744071275
906,2005,estimates,female,5Yearly,0,77.6539376072851
906,2005,estimates,male,5Yearly,0,73.6140689071973
906,2005,estimates,female,5Yearly,1,77.7880129679846
906,2005,estimates,male,5Yearly,1,73.8610250921176
906,2005,estimates,female,5Yearly,5,73.9896518431465
906,2005,estimates,male,5Yearly,5,70.0761084680237
906,2005,estimates,female,5Yearly,10,69.1236176302979
906,2005,estimates,male,5Yearly,10,65.2168411663748
906,2005,estimates,female,5Yearly,15,64.2196190490264
906,2005,estimates,male,5Yearly,15,60.3227971387183
906,2005,estimates,female,5Yearly,20,59.3323543365823
906,2005,estimates,male,5Yearly,20,55.4595408656426
906,2005,estimates,female,5Yearly,25,54.4780903309815
906,2005,estimates,male,5Yearly,25,50.6482895865402
906,2005,estimates,female,5Yearly,30,49.6437376037185
906,2005,estimates,male,5Yearly,30,45.8803127319316
906,2005,estimates,female,5Yearly,35,44.8337599228789
906,2005,estimates,male,5Yearly,35,41.1546370257523
906,2005,estimates,female,5Yearly,40,40.0633081903975
906,2005,estimates,male,5Yearly,40,36.473470662302
906,2005,estimates,female,5Yearly,45,35.3509414150882
906,2005,estimates,male,5Yearly,45,31.8469939277284
906,2005,estimates,female,5Yearly,50,30.7181785642195
906,2005,estimates,male,5Yearly,50,27.3087645151917
906,2005,estimates,female,5Yearly,55,26.1978010089494
906,2005,estimates,male,5Yearly,55,22.91685492417
906,2005,estimates,female,5Yearly,60,21.8599381230513
906,2005,estimates,male,5Yearly,60,18.7692642319032
906,2005,estimates,female,5Yearly,65,17.8036054646846
906,2005,estimates,male,5Yearly,65,14.9970824283863
906,2005,estimates,female,5Yearly,70,14.1576973101863
906,2005,estimates,male,5Yearly,70,11.7413079382469
906,2005,estimates,female,5Yearly,75,10.987705680522
906,2005,estimates,male,5Yearly,75,9.01423634249409
906,2005,estimates,female,5Yearly,80,8.31020570254139
906,2005,estimates,male,5Yearly,80,6.77804351283641
906,2005,estimates,female,5Yearly,85,6.15060207452219
906,2005,estimates,male,5Yearly,85,5.02551872231032
906,2005,estimates,female,5Yearly,90,4.49482621189976
906,2005,estimates,male,5Yearly,90,3.71529008570507
906,2005,estimates,female,5Yearly,95,3.28998943505962
906,2005,estimates,male,5Yearly,95,2.77975593161507
906,2005,estimates,female,5Yearly,100plus,2.45605856306956
906,2005,estimates,male,5Yearly,100plus,2.13903951217946
906,2010,estimates,female,5Yearly,0,78.5654995247169
906,2010,estimates,male,5Yearly,0,74.687586584285
906,2010,estimates,female,5Yearly,1,78.3754383531655
906,2010,estimates,male,5Yearly,1,74.5766339363396
906,2010,estimates,female,5Yearly,5,74.5128350478171
906,2010,estimates,male,5Yearly,5,70.7235957098023
906,2010,estimates,female,5Yearly,10,69.623848559042
906,2010,estimates,male,5Yearly,10,65.83694246141
906,2010,estimates,female,5Yearly,15,64.707405777006
906,2010,estimates,male,5Yearly,15,60.9296521813626
906,2010,estimates,female,5Yearly,20,59.8038906986577
906,2010,estimates,male,5Yearly,20,56.0484139757055
906,2010,estimates,female,5Yearly,25,54.9302001041318
906,2010,estimates,male,5Yearly,25,51.2182337854998
906,2010,estimates,female,5Yearly,30,50.078516257954
906,2010,estimates,male,5Yearly,30,46.4272120843245
906,2010,estimates,female,5Yearly,35,45.2485380482878
906,2010,estimates,male,5Yearly,35,41.6604462170666
906,2010,estimates,female,5Yearly,40,40.4514878602288
906,2010,estimates,male,5Yearly,40,36.9255125057878
906,2010,estimates,female,5Yearly,45,35.7076021341022
906,2010,estimates,male,5Yearly,45,32.2489494377031
906,2010,estimates,female,5Yearly,50,31.0385161640149
906,2010,estimates,male,5Yearly,50,27.6752200427323
906,2010,estimates,female,5Yearly,55,26.4819380764445
906,2010,estimates,male,5Yearly,55,23.2627069604996
906,2010,estimates,female,5Yearly,60,22.1267317844807
906,2010,estimates,male,5Yearly,60,19.0997512568593
906,2010,estimates,female,5Yearly,65,18.0781630838897
906,2010,estimates,male,5Yearly,65,15.3235828649313
906,2010,estimates,female,5Yearly,70,14.426234974009
906,2010,estimates,male,5Yearly,70,12.052630092062
906,2010,estimates,female,5Yearly,75,11.2373388242728
906,2010,estimates,male,5Yearly,75,9.29267953221933
906,2010,estimates,female,5Yearly,80,8.53351317793004
906,2010,estimates,male,5Yearly,80,7.01727399833731
906,2010,estimates,female,5Yearly,85,6.34142610490901
906,2010,estimates,male,5Yearly,85,5.22209735858541
906,2010,estimates,female,5Yearly,90,4.64983909954246
906,2010,estimates,male,5Yearly,90,3.86952254334089
906,2010,estimates,female,5Yearly,95,3.40954374472289
906,2010,estimates,male,5Yearly,95,2.89548592183372
906,2010,estimates,female,5Yearly,100plus,2.54385674761655
906,2010,estimates,male,5Yearly,100plus,2.22248294124376
906,2015,medium variant,female,5Yearly,0,79.5736976712585
906,2015,medium variant,male,5Yearly,0,75.7515406106201
906,2015,medium variant,female,5Yearly,1,79.229730182365
906,2015,medium variant,male,5Yearly,1,75.5100079932428
906,2015,medium variant,female,5Yearly,5,75.343509124787
906,2015,medium variant,male,5Yearly,5,71.6361698045859
906,2015,medium variant,female,5Yearly,10,70.43915259259
906,2015,medium variant,male,5Yearly,10,66.7350694130005
906,2015,medium variant,female,5Yearly,15,65.5127098663565
906,2015,medium variant,male,5Yearly,15,61.8173037370594
906,2015,medium variant,female,5Yearly,20,60.5992567222374
906,2015,medium variant,male,5Yearly,20,56.9238632292033
906,2015,medium variant,female,5Yearly,25,55.7137340142451
906,2015,medium variant,male,5Yearly,25,52.0774368837366
906,2015,medium variant,female,5Yearly,30,50.8512267114185
906,2015,medium variant,male,5Yearly,30,47.2678851136152
906,2015,medium variant,female,5Yearly,35,46.0103967876366
906,2015,medium variant,male,5Yearly,35,42.4820903667267
906,2015,medium variant,female,5Yearly,40,41.1984997008435
906,2015,medium variant,male,5Yearly,40,37.7263961564107
906,2015,medium variant,female,5Yearly,45,36.4345053281583
906,2015,medium variant,male,5Yearly,45,33.0245574875419
906,2015,medium variant,female,5Yearly,50,31.7428848760111
906,2015,medium variant,male,5Yearly,50,28.4193835574771
906,2015,medium variant,female,5Yearly,55,27.1598572226438
906,2015,medium variant,male,5Yearly,55,23.9646521444702
906,2015,medium variant,female,5Yearly,60,22.7597282217816
906,2015,medium variant,male,5Yearly,60,19.7487989997224
906,2015,medium variant,female,5Yearly,65,18.6697131889747
906,2015,medium variant,male,5Yearly,65,15.9120843407279
906,2015,medium variant,female,5Yearly,70,14.9683942171128
906,2015,medium variant,male,5Yearly,70,12.5573249596957
906,2015,medium variant,female,5Yearly,75,11.7041163306742
906,2015,medium variant,male,5Yearly,75,9.70152567432667
906,2015,medium variant,female,5Yearly,80,8.91863673579223
906,2015,medium variant,male,5Yearly,80,7.33265317948623
906,2015,medium variant,female,5Yearly,85,6.64425537322162
906,2015,medium variant,male,5Yearly,85,5.45289380859589
906,2015,medium variant,female,5Yearly,90,4.87607085594694
906,2015,medium variant,male,5Yearly,90,4.02962264802519
906,2015,medium variant,female,5Yearly,95,3.57020476164305
906,2015,medium variant,male,5Yearly,95,3.001066306085
906,2015,medium variant,female,5Yearly,100plus,2.65285474979758
906,2015,medium variant,male,5Yearly,100plus,2.28913539257319
906,2020,medium variant,female,5Yearly,0,80.4664921147136
906,2020,medium variant,male,5Yearly,0,76.7568202989592
906,2020,medium variant,female,5Yearly,1,80.0050227040463
906,2020,medium variant,male,5Yearly,1,76.401146263659
906,2020,medium variant,female,5Yearly,5,76.1010042567583
906,2020,medium variant,male,5Yearly,5,72.5085904659135
906,2020,medium variant,female,5Yearly,10,71.1832152864015
906,2020,medium variant,male,5Yearly,10,67.5945340471623
906,2020,medium variant,female,5Yearly,15,66.2479359768207
906,2020,medium variant,male,5Yearly,15,62.666653592269
906,2020,medium variant,female,5Yearly,20,61.3264694172514
906,2020,medium variant,male,5Yearly,20,57.7619014608721
906,2020,medium variant,female,5Yearly,25,56.4311611841439
906,2020,medium variant,male,5Yearly,25,52.9005635107418
906,2020,medium variant,female,5Yearly,30,51.5572722755414
906,2020,medium variant,male,5Yearly,30,48.0722807544048
906,2020,medium variant,female,5Yearly,35,46.7064244843448
906,2020,medium variant,male,5Yearly,35,43.2657074228173
906,2020,medium variant,female,5Yearly,40,41.8840777187801
906,2020,medium variant,male,5Yearly,40,38.4884333870185
906,2020,medium variant,female,5Yearly,45,37.1044341390999
906,2020,medium variant,male,5Yearly,45,33.7633039189143
906,2020,medium variant,female,5Yearly,50,32.3907926292251
906,2020,medium variant,male,5Yearly,50,29.1283283854583
906,2020,medium variant,female,5Yearly,55,27.7824532771458
906,2020,medium variant,male,5Yearly,55,24.6361849969376
906,2020,medium variant,female,5Yearly,60,23.3502267980805
906,2020,medium variant,male,5Yearly,60,20.3686501773139
906,2020,medium variant,female,5Yearly,65,19.1957244935272
906,2020,medium variant,male,5Yearly,65,16.4586012743437
906,2020,medium variant,female,5Yearly,70,15.4371551415805
906,2020,medium variant,male,5Yearly,70,13.0255415854877
906,2020,medium variant,female,5Yearly,75,12.1051133763121
906,2020,medium variant,male,5Yearly,75,10.0787474908047
906,2020,medium variant,female,5Yearly,80,9.24673981407725
906,2020,medium variant,male,5Yearly,80,7.62102834375241
906,2020,medium variant,female,5Yearly,85,6.89940582232364
906,2020,medium variant,male,5Yearly,85,5.66095394536173
906,2020,medium variant,female,5Yearly,90,5.06383145762828
906,2020,medium variant,male,5Yearly,90,4.17085854503012
906,2020,medium variant,female,5Yearly,95,3.70078782839175
906,2020,medium variant,male,5Yearly,95,3.09124694230543
906,2020,medium variant,female,5Yearly,100plus,2.73888564147715
906,2020,medium variant,male,5Yearly,100plus,2.34341999409778
906,2025,medium variant,female,5Yearly,0,81.3254689547964
906,2025,medium variant,male,5Yearly,0,77.7918572672924
906,2025,medium variant,female,5Yearly,1,80.792859692151
906,2025,medium variant,male,5Yearly,1,77.3314483052572
906,2025,medium variant,female,5Yearly,5,76.8765892177699
906,2025,medium variant,male,5Yearly,5,73.4214908221286
906,2025,medium variant,female,5Yearly,10,71.9480078895585
906,2025,medium variant,male,5Yearly,10,68.494193359052
906,2025,medium variant,female,5Yearly,15,67.0052284420181
906,2025,medium variant,male,5Yearly,15,63.5567628269251
906,2025,medium variant,female,5Yearly,20,62.0757715774521
906,2025,medium variant,male,5Yearly,20,58.6412064218497
906,2025,medium variant,female,5Yearly,25,57.1709083527297
906,2025,medium variant,male,5Yearly,25,53.765194967777
906,2025,medium variant,female,5Yearly,30,52.2854330396993
906,2025,medium variant,male,5Yearly,30,48.9186627633645
906,2025,medium variant,female,5Yearly,35,47.4210682152872
906,2025,medium variant,male,5Yearly,35,44.0920029824906
906,2025,medium variant,female,5Yearly,40,42.5876397740711
906,2025,medium variant,male,5Yearly,40,39.2923086132875
906,2025,medium variant,female,5Yearly,45,37.7974806729044
906,2025,medium variant,male,5Yearly,45,34.5424680513922
906,2025,medium variant,female,5Yearly,50,33.0677197060736
906,2025,medium variant,male,5Yearly,50,29.8786835841732
906,2025,medium variant,female,5Yearly,55,28.4343323497379
906,2025,medium variant,male,5Yearly,55,25.3469285295115
906,2025,medium variant,female,5Yearly,60,23.9708834515405
906,2025,medium variant,male,5Yearly,60,21.0285740180125
906,2025,medium variant,female,5Yearly,65,19.775255255315
906,2025,medium variant,male,5Yearly,65,17.0454452936784
906,2025,medium variant,female,5Yearly,70,15.9386136614366
906,2025,medium variant,male,5Yearly,70,13.5114834920423
906,2025,medium variant,female,5Yearly,75,12.5337484244891
906,2025,medium variant,male,5Yearly,75,10.4678069738415
906,2025,medium variant,female,5Yearly,80,9.59692699878268
906,2025,medium variant,male,5Yearly,80,7.91531602915934
906,2025,medium variant,female,5Yearly,85,7.17098799345226
906,2025,medium variant,male,5Yearly,85,5.86966101032591
906,2025,medium variant,female,5Yearly,90,5.26277093457203
906,2025,medium variant,male,5Yearly,90,4.30873924832501
906,2025,medium variant,female,5Yearly,95,3.8381595676721
906,2025,medium variant,male,5Yearly,95,3.17561959163316
906,2025,medium variant,female,5Yearly,100plus,2.82845068725008
906,2025,medium variant,male,5Yearly,100plus,2.39087967730789
906,2030,medium variant,female,5Yearly,0,82.0543575923571
906,2030,medium variant,male,5Yearly,0,78.7518184301316
906,2030,medium variant,female,5Yearly,1,81.4690280611156
906,2030,medium variant,male,5Yearly,1,78.2106802023175
906,2030,medium variant,female,5Yearly,5,77.543513908483
906,2030,medium variant,male,5Yearly,5,74.2870576501703
906,2030,medium variant,female,5Yearly,10,72.6054510215487
906,2030,medium variant,male,5Yearly,10,69.3493845193474
906,2030,medium variant,female,5Yearly,15,67.656152124923
906,2030,medium variant,male,5Yearly,15,64.4038136729772
906,2030,medium variant,female,5Yearly,20,62.7201438649075
906,2030,medium variant,male,5Yearly,20,59.4789167261232
906,2030,medium variant,female,5Yearly,25,57.8073453453797
906,2030,medium variant,male,5Yearly,25,54.5899103143394
906,2030,medium variant,female,5Yearly,30,52.9131547740768
906,2030,medium variant,male,5Yearly,30,49.7272893431554
906,2030,medium variant,female,5Yearly,35,48.0381585659561
906,2030,medium variant,male,5Yearly,35,44.882406494566
906,2030,medium variant,female,5Yearly,40,43.1917371834776
906,2030,medium variant,male,5Yearly,40,40.0633856476113
906,2030,medium variant,female,5Yearly,45,38.3904689734946
906,2030,medium variant,male,5Yearly,45,35.2903024994431
906,2030,medium variant,female,5Yearly,50,33.6494967656406
906,2030,medium variant,male,5Yearly,50,30.5986828077455
906,2030,medium variant,female,5Yearly,55,28.995806494991
906,2030,medium variant,male,5Yearly,55,26.0313063763923
906,2030,medium variant,female,5Yearly,60,24.4951408946149
906,2030,medium variant,male,5Yearly,60,21.6598183292075
906,2030,medium variant,female,5Yearly,65,20.2519659831109
906,2030,medium variant,male,5Yearly,65,17.6075501500111
906,2030,medium variant,female,5Yearly,70,16.3612982328157
906,2030,medium variant,male,5Yearly,70,13.9848376849781
906,2030,medium variant,female,5Yearly,75,12.8912694319868
906,2030,medium variant,male,5Yearly,75,10.8448374001382
906,2030,medium variant,female,5Yearly,80,9.88500718929672
906,2030,medium variant,male,5Yearly,80,8.1979281111252
906,2030,medium variant,female,5Yearly,85,7.39039573288616
906,2030,medium variant,male,5Yearly,85,6.06715620084852
906,2030,medium variant,female,5Yearly,90,5.41974654097317
906,2030,medium variant,male,5Yearly,90,4.43629428647612
906,2030,medium variant,female,5Yearly,95,3.94331500831502
906,2030,medium variant,male,5Yearly,95,3.2511119162129
906,2030,medium variant,female,5Yearly,100plus,2.89443505044033
906,2030,medium variant,male,5Yearly,100plus,2.43134857758068
906,2035,medium variant,female,5Yearly,0,82.7789568690036
906,2035,medium variant,male,5Yearly,0,79.7649888685239
906,2035,medium variant,female,5Yearly,1,82.1477188610747
906,2035,medium variant,male,5Yearly,1,79.1520814559205
906,2035,medium variant,female,5Yearly,5,78.2142252433667
906,2035,medium variant,male,5Yearly,5,75.2164594117936
906,2035,medium variant,female,5Yearly,10,73.2687663063642
906,2035,medium variant,male,5Yearly,10,70.2691016004441
906,2035,medium variant,female,5Yearly,15,68.3134772364588
906,2035,medium variant,male,5Yearly,15,65.3157619652038
906,2035,medium variant,female,5Yearly,20,63.3709381908721
906,2035,medium variant,male,5Yearly,20,60.3820413602745
906,2035,medium variant,female,5Yearly,25,58.4502816051839
906,2035,medium variant,male,5Yearly,25,55.4805320169816
906,2035,medium variant,female,5Yearly,30,53.5476416313572
906,2035,medium variant,male,5Yearly,30,50.60206400933
906,2035,medium variant,female,5Yearly,35,48.6637517424338
906,2035,medium variant,male,5Yearly,35,45.7398254236905
906,2035,medium variant,female,5Yearly,40,43.8054263776104
906,2035,medium variant,male,5Yearly,40,40.901990810442
906,2035,medium variant,female,5Yearly,45,38.9888577790108
906,2035,medium variant,male,5Yearly,45,36.1077742887426
906,2035,medium variant,female,5Yearly,50,34.2348634154167
906,2035,medium variant,male,5Yearly,50,31.3875432874474
906,2035,medium variant,female,5Yearly,55,29.5667170670396
906,2035,medium variant,male,5Yearly,55,26.7842920361417
906,2035,medium variant,female,5Yearly,60,25.0339125848143
906,2035,medium variant,male,5Yearly,60,22.3608310408805
906,2035,medium variant,female,5Yearly,65,20.7300756667485
906,2035,medium variant,male,5Yearly,65,18.2262511309106
906,2035,medium variant,female,5Yearly,70,16.7657372338059
906,2035,medium variant,male,5Yearly,70,14.5015183653114
906,2035,medium variant,female,5Yearly,75,13.2123023459454
906,2035,medium variant,male,5Yearly,75,11.2489842324292
906,2035,medium variant,female,5Yearly,80,10.121485543512
906,2035,medium variant,male,5Yearly,80,8.49234360118315
906,2035,medium variant,female,5Yearly,85,7.54850434619237
906,2035,medium variant,male,5Yearly,85,6.26387485877456
906,2035,medium variant,female,5Yearly,90,5.51248979651627
906,2035,medium variant,male,5Yearly,90,4.55456773589701
906,2035,medium variant,female,5Yearly,95,3.98783289731254
906,2035,medium variant,male,5Yearly,95,3.31320971735029
906,2035,medium variant,female,5Yearly,100plus,2.90812069284327
906,2035,medium variant,male,5Yearly,100plus,2.45794204955715
906,2040,medium variant,female,5Yearly,0,83.4906343936078
906,2040,medium variant,male,5Yearly,0,80.8233760568932
906,2040,medium variant,female,5Yearly,1,82.8216476964603
906,2040,medium variant,male,5Yearly,1,80.1529079674812
906,2040,medium variant,female,5Yearly,5,78.8816357139413
906,2040,medium variant,male,5Yearly,5,76.2076637553105
906,2040,medium variant,female,5Yearly,10,73.9303600593502
906,2040,medium variant,male,5Yearly,10,71.252665080805
906,2040,medium variant,female,5Yearly,15,68.9700976230857
906,2040,medium variant,male,5Yearly,15,66.2932316053985
906,2040,medium variant,female,5Yearly,20,64.0216210827179
906,2040,medium variant,male,5Yearly,20,61.3516823028259
906,2040,medium variant,female,5Yearly,25,59.0937218136125
906,2040,medium variant,male,5Yearly,25,56.4391717221128
906,2040,medium variant,female,5Yearly,30,54.1830544168195
906,2040,medium variant,male,5Yearly,30,51.5473678352421
906,2040,medium variant,female,5Yearly,35,49.2906333188156
906,2040,medium variant,male,5Yearly,35,46.6699453734326
906,2040,medium variant,female,5Yearly,40,44.4236220401846
906,2040,medium variant,male,5Yearly,40,41.814838425813
906,2040,medium variant,female,5Yearly,45,39.5944630841825
906,2040,medium variant,male,5Yearly,45,37.001299442721
906,2040,medium variant,female,5Yearly,50,34.8221485788457
906,2040,medium variant,male,5Yearly,50,32.2571798310533
906,2040,medium variant,female,5Yearly,55,30.1374630936744
906,2040,medium variant,male,5Yearly,55,27.6194079491042
906,2040,medium variant,female,5Yearly,60,25.5845313236234
906,2040,medium variant,male,5Yearly,60,23.1507863707364
906,2040,medium variant,female,5Yearly,65,21.2331399309235
906,2040,medium variant,male,5Yearly,65,18.9422573015392
906,2040,medium variant,female,5Yearly,70,17.1843198150096
906,2040,medium variant,male,5Yearly,70,15.1038299308339
906,2040,medium variant,female,5Yearly,75,13.5361836559244
906,2040,medium variant,male,5Yearly,75,11.7257952340488
906,2040,medium variant,female,5Yearly,80,10.3497415610327
906,2040,medium variant,male,5Yearly,80,8.84400421431144
906,2040,medium variant,female,5Yearly,85,7.68929453725769
906,2040,medium variant,male,5Yearly,85,6.50174642462234
906,2040,medium variant,female,5Yearly,90,5.58235545886843
906,2040,medium variant,male,5Yearly,90,4.69935512457246
906,2040,medium variant,female,5Yearly,95,4.00811327075297
906,2040,medium variant,male,5Yearly,95,3.39029252193469
906,2040,medium variant,female,5Yearly,100plus,2.89982939522645
906,2040,medium variant,male,5Yearly,100plus,2.49168631905241
906,2045,medium variant,female,5Yearly,0,84.2389182592059
906,2045,medium variant,male,5Yearly,0,81.9092711217067
906,2045,medium variant,female,5Yearly,1,83.5346005940341
906,2045,medium variant,male,5Yearly,1,81.1884731861774
906,2045,medium variant,female,5Yearly,5,79.58846302784
906,2045,medium variant,male,5Yearly,5,77.2348669972701
906,2045,medium variant,female,5Yearly,10,74.6317986306149
906,2045,medium variant,male,5Yearly,10,72.2729446936844
906,2045,medium variant,female,5Yearly,15,69.6671203928803
906,2045,medium variant,male,5Yearly,15,67.3077678827768
906,2045,medium variant,female,5Yearly,20,64.7136848405216
906,2045,medium variant,male,5Yearly,20,62.3593892995645
906,2045,medium variant,female,5Yearly,25,59.7791873134074
906,2045,medium variant,male,5Yearly,25,57.4369567617209
906,2045,medium variant,female,5Yearly,30,54.8608191782272
906,2045,medium variant,male,5Yearly,30,52.5324844300295
906,2045,medium variant,female,5Yearly,35,49.960293493802
906,2045,medium variant,male,5Yearly,35,47.64108848914
906,2045,medium variant,female,5Yearly,40,45.0844772630331
906,2045,medium variant,male,5Yearly,40,42.7699173732831
906,2045,medium variant,female,5Yearly,45,40.2454298758635
906,2045,medium variant,male,5Yearly,45,37.9365261778027
906,2045,medium variant,female,5Yearly,50,35.4579508811182
906,2045,medium variant,male,5Yearly,50,33.1683945132271
906,2045,medium variant,female,5Yearly,55,30.7491814811258
906,2045,medium variant,male,5Yearly,55,28.4987167971272
906,2045,medium variant,female,5Yearly,60,26.1724581333158
906,2045,medium variant,male,5Yearly,60,23.9818300094089
906,2045,medium variant,female,5Yearly,65,21.7909659059717
906,2045,medium variant,male,5Yearly,65,19.7084900367651
906,2045,medium variant,female,5Yearly,70,17.6766853821527
906,2045,medium variant,male,5Yearly,70,15.7680496552523
906,2045,medium variant,female,5Yearly,75,13.9437074065734
906,2045,medium variant,male,5Yearly,75,12.2661291948908
906,2045,medium variant,female,5Yearly,80,10.6663751230378
906,2045,medium variant,male,5Yearly,80,9.25624324713185
906,2045,medium variant,female,5Yearly,85,7.91670937376272
906,2045,medium variant,male,5Yearly,85,6.79299427710408
906,2045,medium variant,female,5Yearly,90,5.73072955086947
906,2045,medium variant,male,5Yearly,90,4.88755955534061
906,2045,medium variant,female,5Yearly,95,4.09418906841997
906,2045,medium variant,male,5Yearly,95,3.50020172789658
906,2045,medium variant,female,5Yearly,100plus,2.9427462780449
906,2045,medium variant,male,5Yearly,100plus,2.54886122939087
906,2050,medium variant,female,5Yearly,0,84.9647659077925
906,2050,medium variant,male,5Yearly,0,82.9985381652297
906,2050,medium variant,female,5Yearly,1,84.2308910503349
906,2050,medium variant,male,5Yearly,1,82.2334596351946
906,2050,medium variant,female,5Yearly,5,80.2796144179013
906,2050,medium variant,male,5Yearly,5,78.2725404137088
906,2050,medium variant,female,5Yearly,10,75.3185758634447
906,2050,medium variant,male,5Yearly,10,73.3047255721634
906,2050,medium variant,female,5Yearly,15,70.3503307527259
906,2050,medium variant,male,5Yearly,15,68.3347692375582
906,2050,medium variant,female,5Yearly,20,65.392554849506
906,2050,medium variant,male,5Yearly,20,63.380040979707
906,2050,medium variant,female,5Yearly,25,60.452019664696
906,2050,medium variant,male,5Yearly,25,58.448426528305
906,2050,medium variant,female,5Yearly,30,55.5263623769132
906,2050,medium variant,male,5Yearly,30,53.5322593027494
906,2050,medium variant,female,5Yearly,35,50.6174496481888
906,2050,medium variant,male,5Yearly,35,48.6273199392875
906,2050,medium variant,female,5Yearly,40,45.7325399403176
906,2050,medium variant,male,5Yearly,40,43.7413140388432
906,2050,medium variant,female,5Yearly,45,40.883644489414
906,2050,medium variant,male,5Yearly,45,38.8899701524194
906,2050,medium variant,female,5Yearly,50,36.0848380481286
906,2050,medium variant,male,5Yearly,50,34.0978182857342
906,2050,medium variant,female,5Yearly,55,31.3561698472563
906,2050,medium variant,male,5Yearly,55,29.3970333093144
906,2050,medium variant,female,5Yearly,60,26.7442428199963
906,2050,medium variant,male,5Yearly,60,24.8354265440884
906,2050,medium variant,female,5Yearly,65,22.3281612360353
906,2050,medium variant,male,5Yearly,65,20.493776161115
906,2050,medium variant,female,5Yearly,70,18.166129981414
906,2050,medium variant,male,5Yearly,70,16.4604127562599
906,2050,medium variant,female,5Yearly,75,14.3555908516166
906,2050,medium variant,male,5Yearly,75,12.837125448549
906,2050,medium variant,female,5Yearly,80,10.9931215519743
906,2050,medium variant,male,5Yearly,80,9.6984048891826
906,2050,medium variant,female,5Yearly,85,8.1577202370978
906,2050,medium variant,male,5Yearly,85,7.11026050980716
906,2050,medium variant,female,5Yearly,90,5.8937289668575
906,2050,medium variant,male,5Yearly,90,5.09579885944204
906,2050,medium variant,female,5Yearly,95,4.19395006316613
906,2050,medium variant,male,5Yearly,95,3.62372909906705
906,2050,medium variant,female,5Yearly,100plus,2.99733126640439
906,2050,medium variant,male,5Yearly,100plus,2.61421257350897
906,2055,medium variant,female,5Yearly,0,85.6257549484408
906,2055,medium variant,male,5Yearly,0,84.0112234459578
906,2055,medium variant,female,5Yearly,1,84.8673002919842
906,2055,medium variant,male,5Yearly,1,83.2108871102136
906,2055,medium variant,female,5Yearly,5,80.9117520271962
906,2055,medium variant,male,5Yearly,5,79.2441100337233
906,2055,medium variant,female,5Yearly,10,75.9470007972024
906,2055,medium variant,male,5Yearly,10,74.2714462510679
906,2055,medium variant,female,5Yearly,15,70.9757498058517
906,2055,medium variant,male,5Yearly,15,69.2974156941276
906,2055,medium variant,female,5Yearly,20,66.014719301394
906,2055,medium variant,male,5Yearly,20,64.337326454702
906,2055,medium variant,female,5Yearly,25,61.0697899716867
906,2055,medium variant,male,5Yearly,25,59.3978057158294
906,2055,medium variant,female,5Yearly,30,56.1383938636684
906,2055,medium variant,male,5Yearly,30,54.4717308603271
906,2055,medium variant,female,5Yearly,35,51.2224355144583
906,2055,medium variant,male,5Yearly,35,49.5557498772637
906,2055,medium variant,female,5Yearly,40,46.3293754662974
906,2055,medium variant,male,5Yearly,40,44.6568003616519
906,2055,medium variant,female,5Yearly,45,41.4714279865687
906,2055,medium variant,male,5Yearly,45,39.7898635109008
906,2055,medium variant,female,5Yearly,50,36.6622015017856
906,2055,medium variant,male,5Yearly,50,34.9770107243022
906,2055,medium variant,female,5Yearly,55,31.920847823472
906,2055,medium variant,male,5Yearly,55,30.2472701932765
906,2055,medium variant,female,5Yearly,60,27.28291675479
906,2055,medium variant,male,5Yearly,60,25.6463930004929
906,2055,medium variant,female,5Yearly,65,22.8188393186184
906,2055,medium variant,male,5Yearly,65,21.2446572839174
906,2055,medium variant,female,5Yearly,70,18.6114299845774
906,2055,medium variant,male,5Yearly,70,17.1257119070879
906,2055,medium variant,female,5Yearly,75,14.7404701767277
906,2055,medium variant,male,5Yearly,75,13.3960072581186
906,2055,medium variant,female,5Yearly,80,11.3089859744167
906,2055,medium variant,male,5Yearly,80,10.1407555110027
906,2055,medium variant,female,5Yearly,85,8.40089668461544
906,2055,medium variant,male,5Yearly,85,7.43592574525181
906,2055,medium variant,female,5Yearly,90,6.06731082714196
906,2055,medium variant,male,5Yearly,90,5.31617374202023
906,2055,medium variant,female,5Yearly,95,4.30771109932418
906,2055,medium variant,male,5Yearly,95,3.75951785780065
906,2055,medium variant,female,5Yearly,100plus,3.06529358193635
906,2055,medium variant,male,5Yearly,100plus,2.6899110270116
906,2060,medium variant,female,5Yearly,0,86.3567145318724
906,2060,medium variant,male,5Yearly,0,84.9058990456464
906,2060,medium variant,female,5Yearly,1,85.5776067302612
906,2060,medium variant,male,5Yearly,1,84.0789284937043
906,2060,medium variant,female,5Yearly,5,81.6184573563062
906,2060,medium variant,male,5Yearly,5,80.1076859929101
906,2060,medium variant,female,5Yearly,10,76.6504138751911
906,2060,medium variant,male,5Yearly,10,75.1316062740817
906,2060,medium variant,female,5Yearly,15,71.6768214528322
906,2060,medium variant,male,5Yearly,15,70.1542448863578
906,2060,medium variant,female,5Yearly,20,66.7126732705533
906,2060,medium variant,male,5Yearly,20,65.1898332923753
906,2060,medium variant,female,5Yearly,25,61.7636649777421
906,2060,medium variant,male,5Yearly,25,60.2439606672636
906,2060,medium variant,female,5Yearly,30,56.8274898010313
906,2060,medium variant,male,5Yearly,30,55.3097951223604
906,2060,medium variant,female,5Yearly,35,51.9057106232434
906,2060,medium variant,male,5Yearly,35,50.3846632501427
906,2060,medium variant,female,5Yearly,40,47.0050299186564
906,2060,medium variant,male,5Yearly,40,45.4752974739395
906,2060,medium variant,female,5Yearly,45,42.1376293389168
906,2060,medium variant,male,5Yearly,45,40.5950998768415
906,2060,medium variant,female,5Yearly,50,37.3176748760186
906,2060,medium variant,male,5Yearly,50,35.7647011689353
906,2060,medium variant,female,5Yearly,55,32.5630734644883
906,2060,medium variant,male,5Yearly,55,31.0103495626887
906,2060,medium variant,female,5Yearly,60,27.9072338780094
906,2060,medium variant,male,5Yearly,60,26.3739910080095
906,2060,medium variant,female,5Yearly,65,23.4037496823326
906,2060,medium variant,male,5Yearly,65,21.9220807966826
906,2060,medium variant,female,5Yearly,70,19.1361276995691
906,2060,medium variant,male,5Yearly,70,17.7303082282365
906,2060,medium variant,female,5Yearly,75,15.2084798505243
906,2060,medium variant,male,5Yearly,75,13.9123705782408
906,2060,medium variant,female,5Yearly,80,11.7087182254425
906,2060,medium variant,male,5Yearly,80,10.5576213543373
906,2060,medium variant,female,5Yearly,85,8.72438025935287
906,2060,medium variant,male,5Yearly,85,7.7500065409703
906,2060,medium variant,female,5Yearly,90,6.31291546802839
906,2060,medium variant,male,5Yearly,90,5.53443574722574
906,2060,medium variant,female,5Yearly,95,4.48143212108526
906,2060,medium variant,male,5Yearly,95,3.89818497653913
906,2060,medium variant,female,5Yearly,100plus,3.17949100779972
906,2060,medium variant,male,5Yearly,100plus,2.77007231141464
906,2065,medium variant,female,5Yearly,0,87.0669773932802
906,2065,medium variant,male,5Yearly,0,85.6570402076729
906,2065,medium variant,female,5Yearly,1,86.2702270349447
906,2065,medium variant,male,5Yearly,1,84.8133680498425
906,2065,medium variant,female,5Yearly,5,82.3080378505914
906,2065,medium variant,male,5Yearly,5,80.8392739276178
906,2065,medium variant,female,5Yearly,10,77.3366134840306
906,2065,medium variant,male,5Yearly,10,75.8608834034316
906,2065,medium variant,female,5Yearly,15,72.3605441972401
906,2065,medium variant,male,5Yearly,15,70.8814311764813
906,2065,medium variant,female,5Yearly,20,67.393506155643
906,2065,medium variant,male,5Yearly,20,65.9137879884861
906,2065,medium variant,female,5Yearly,25,62.440447297025
906,2065,medium variant,male,5Yearly,25,60.9631927085042
906,2065,medium variant,female,5Yearly,30,57.4993029692227
906,2065,medium variant,male,5Yearly,30,56.0228483520636
906,2065,medium variant,female,5Yearly,35,52.5716053227198
906,2065,medium variant,male,5Yearly,35,51.0904654407202
906,2065,medium variant,female,5Yearly,40,47.6634972613596
906,2065,medium variant,male,5Yearly,40,46.1732515791698
906,2065,medium variant,female,5Yearly,45,42.7864510879072
906,2065,medium variant,male,5Yearly,45,41.2836715509543
906,2065,medium variant,female,5Yearly,50,37.9542245615267
906,2065,medium variant,male,5Yearly,50,36.4402348335843
906,2065,medium variant,female,5Yearly,55,33.1845485393292
906,2065,medium variant,male,5Yearly,55,31.6676838636262
906,2065,medium variant,female,5Yearly,60,28.5074464973441
906,2065,medium variant,male,5Yearly,60,27.0031428533036
906,2065,medium variant,female,5Yearly,65,23.9751600294742
906,2065,medium variant,male,5Yearly,65,22.5098468637101
906,2065,medium variant,female,5Yearly,70,19.6545549436331
906,2065,medium variant,male,5Yearly,70,18.2596104601034
906,2065,medium variant,female,5Yearly,75,15.6634640944315
906,2065,medium variant,male,5Yearly,75,14.3674104287779
906,2065,medium variant,female,5Yearly,80,12.0891595812874
906,2065,medium variant,male,5Yearly,80,10.9275756419016
906,2065,medium variant,female,5Yearly,85,9.02387173976818
906,2065,medium variant,male,5Yearly,85,8.03064897064872
906,2065,medium variant,female,5Yearly,90,6.53235094146718
906,2065,medium variant,male,5Yearly,90,5.73054679015348
906,2065,medium variant,female,5Yearly,95,4.62974167284138
906,2065,medium variant,male,5Yearly,95,4.0231503107535
906,2065,medium variant,female,5Yearly,100plus,3.27156620110895
906,2065,medium variant,male,5Yearly,100plus,2.84223873983675
906,2070,medium variant,female,5Yearly,0,87.7215026037171
906,2070,medium variant,male,5Yearly,0,86.3246214255793
906,2070,medium variant,female,5Yearly,1,86.9099565791828
906,2070,medium variant,male,5Yearly,1,85.4686619122708
906,2070,medium variant,female,5Yearly,5,82.945212534528
906,2070,medium variant,male,5Yearly,5,81.4924238140851
906,2070,medium variant,female,5Yearly,10,77.971754613165
906,2070,medium variant,male,5Yearly,10,76.5120340160457
906,2070,medium variant,female,5Yearly,15,72.9931043815537
906,2070,medium variant,male,5Yearly,15,71.5306919906007
906,2070,medium variant,female,5Yearly,20,68.0229974184753
906,2070,medium variant,male,5Yearly,20,66.5605898474305
906,2070,medium variant,female,5Yearly,25,63.0658560525556
906,2070,medium variant,male,5Yearly,25,61.606088140923
906,2070,medium variant,female,5Yearly,30,58.1200966797929
906,2070,medium variant,male,5Yearly,30,56.6608583602596
906,2070,medium variant,female,5Yearly,35,53.1874338791375
906,2070,medium variant,male,5Yearly,35,51.7228559771443
906,2070,medium variant,female,5Yearly,40,48.273145533345
906,2070,medium variant,male,5Yearly,40,46.7987125635184
906,2070,medium variant,female,5Yearly,45,43.3873188396069
906,2070,medium variant,male,5Yearly,45,41.9007584432989
906,2070,medium variant,female,5Yearly,50,38.5426924160578
906,2070,medium variant,male,5Yearly,50,37.046342675063
906,2070,medium variant,female,5Yearly,55,33.7563026785041
906,2070,medium variant,male,5Yearly,55,32.2579089719714
906,2070,medium variant,female,5Yearly,60,29.0568657660805
906,2070,medium variant,male,5Yearly,60,27.5697942244172
906,2070,medium variant,female,5Yearly,65,24.4929259843317
906,2070,medium variant,male,5Yearly,65,23.0387975358837
906,2070,medium variant,female,5Yearly,70,20.1271622240501
906,2070,medium variant,male,5Yearly,70,18.7381364932411
906,2070,medium variant,female,5Yearly,75,16.0655784101335
906,2070,medium variant,male,5Yearly,75,14.7813785517322
906,2070,medium variant,female,5Yearly,80,12.4107592689134
906,2070,medium variant,male,5Yearly,80,11.2665489490008
906,2070,medium variant,female,5Yearly,85,9.26125945889293
906,2070,medium variant,male,5Yearly,85,8.28980654900864
906,2070,medium variant,female,5Yearly,90,6.69058746782925
906,2070,medium variant,male,5Yearly,90,5.91316684634916
906,2070,medium variant,female,5Yearly,95,4.72244114643057
906,2070,medium variant,male,5Yearly,95,4.1406284152128
906,2070,medium variant,female,5Yearly,100plus,3.31738531320046
906,2070,medium variant,male,5Yearly,100plus,2.91098931497294
906,2075,medium variant,female,5Yearly,0,88.4122427963646
906,2075,medium variant,male,5Yearly,0,86.9333863692321
906,2075,medium variant,female,5Yearly,1,87.5864097063301
906,2075,medium variant,male,5Yearly,1,86.0675203448797
906,2075,medium variant,female,5Yearly,5,83.6191692802229
906,2075,medium variant,male,5Yearly,5,82.089530031572
906,2075,medium variant,female,5Yearly,10,78.6432024124152
906,2075,medium variant,male,5Yearly,10,77.1077144153174
906,2075,medium variant,female,5Yearly,15,73.6627939558091
906,2075,medium variant,male,5Yearly,15,72.1248225509812
906,2075,medium variant,female,5Yearly,20,68.6902748911842
906,2075,medium variant,male,5Yearly,20,67.1525846630063
906,2075,medium variant,female,5Yearly,25,63.7296305302026
906,2075,medium variant,male,5Yearly,25,62.1948055051673
906,2075,medium variant,female,5Yearly,30,58.7794008300731
906,2075,medium variant,male,5Yearly,30,57.2451645838216
906,2075,medium variant,female,5Yearly,35,53.841171130093
906,2075,medium variant,male,5Yearly,35,52.3019688282907
906,2075,medium variant,female,5Yearly,40,48.9204267967122
906,2075,medium variant,male,5Yearly,40,47.3714072509674
906,2075,medium variant,female,5Yearly,45,44.0264770254557
906,2075,medium variant,male,5Yearly,45,42.4655125866
906,2075,medium variant,female,5Yearly,50,39.1704386109889
906,2075,medium variant,male,5Yearly,50,37.6010711030022
906,2075,medium variant,female,5Yearly,55,34.3675310560294
906,2075,medium variant,male,5Yearly,55,32.7991294401554
906,2075,medium variant,female,5Yearly,60,29.6440871603601
906,2075,medium variant,male,5Yearly,60,28.0907723895217
906,2075,medium variant,female,5Yearly,65,25.0469985616989
906,2075,medium variant,male,5Yearly,65,23.5282477855401
906,2075,medium variant,female,5Yearly,70,20.6324634757251
906,2075,medium variant,male,5Yearly,70,19.1794548777252
906,2075,medium variant,female,5Yearly,75,16.5004470626322
906,2075,medium variant,male,5Yearly,75,15.1582804404351
906,2075,medium variant,female,5Yearly,80,12.7634054869213
906,2075,medium variant,male,5Yearly,80,11.5691934876046
906,2075,medium variant,female,5Yearly,85,9.52595183419452
906,2075,medium variant,male,5Yearly,85,8.51439907907346
906,2075,medium variant,female,5Yearly,90,6.87071137568191
906,2075,medium variant,male,5Yearly,90,6.06437355816966
906,2075,medium variant,female,5Yearly,95,4.83094283886177
906,2075,medium variant,male,5Yearly,95,4.23126296927923
906,2075,medium variant,female,5Yearly,100plus,3.3734802439145
906,2075,medium variant,male,5Yearly,100plus,2.95840594353643
906,2080,medium variant,female,5Yearly,0,89.079344214028
906,2080,medium variant,male,5Yearly,0,87.5465078514587
906,2080,medium variant,female,5Yearly,1,88.2405180516155
906,2080,medium variant,male,5Yearly,1,86.6705821104465
906,2080,medium variant,female,5Yearly,5,84.2709913591887
906,2080,medium variant,male,5Yearly,5,82.6908568828119
906,2080,medium variant,female,5Yearly,10,79.2934789505486
906,2080,medium variant,male,5Yearly,10,77.7075689386417
906,2080,medium variant,female,5Yearly,15,74.3114069096435
906,2080,medium variant,male,5Yearly,15,72.723561942823
906,2080,medium variant,female,5Yearly,20,69.336727379237
906,2080,medium variant,male,5Yearly,20,67.7492763555447
906,2080,medium variant,female,5Yearly,25,64.3728656181837
906,2080,medium variant,male,5Yearly,25,62.7880278776718
906,2080,medium variant,female,5Yearly,30,59.4187151551038
906,2080,medium variant,male,5Yearly,30,57.8342068842272
906,2080,medium variant,female,5Yearly,35,54.4759198703098
906,2080,medium variant,male,5Yearly,35,52.8862968463993
906,2080,medium variant,female,5Yearly,40,49.5497505533354
906,2080,medium variant,male,5Yearly,40,47.9502344506645
906,2080,medium variant,female,5Yearly,45,44.6490089206966
906,2080,medium variant,male,5Yearly,45,43.0369924424856
906,2080,medium variant,female,5Yearly,50,39.7838348576025
906,2080,medium variant,male,5Yearly,50,38.1624415547076
906,2080,medium variant,female,5Yearly,55,34.9673018775104
906,2080,medium variant,male,5Yearly,55,33.3469021658835
906,2080,medium variant,female,5Yearly,60,30.2228165685254
906,2080,medium variant,male,5Yearly,60,28.6191537324493
906,2080,medium variant,female,5Yearly,65,25.5949244563167
906,2080,medium variant,male,5Yearly,65,24.0264745693429
906,2080,medium variant,female,5Yearly,70,21.1418255590704
906,2080,medium variant,male,5Yearly,70,19.6340071852518
906,2080,medium variant,female,5Yearly,75,16.9602446105132
906,2080,medium variant,male,5Yearly,75,15.5550581769911
906,2080,medium variant,female,5Yearly,80,13.1608448800993
906,2080,medium variant,male,5Yearly,80,11.8969862798368
906,2080,medium variant,female,5Yearly,85,9.85068625040332
906,2080,medium variant,male,5Yearly,85,8.76674450781361
906,2080,medium variant,female,5Yearly,90,7.1181640650371
906,2080,medium variant,male,5Yearly,90,6.24250622728562
906,2080,medium variant,female,5Yearly,95,5.00469579270618
906,2080,medium variant,male,5Yearly,95,4.34487071309361
906,2080,medium variant,female,5Yearly,100plus,3.48495098944448
906,2080,medium variant,male,5Yearly,100plus,3.02304722083096
906,2085,medium variant,female,5Yearly,0,89.776073649285
906,2085,medium variant,male,5Yearly,0,88.1682307197174
906,2085,medium variant,female,5Yearly,1,88.9248801972364
906,2085,medium variant,male,5Yearly,1,87.2831970122854
906,2085,medium variant,female,5Yearly,5,84.9531576408482
906,2085,medium variant,male,5Yearly,5,83.3019025919791
906,2085,medium variant,female,5Yearly,10,79.9732889383512
906,2085,medium variant,male,5Yearly,10,78.3176103062914
906,2085,medium variant,female,5Yearly,15,74.9898993188885
906,2085,medium variant,male,5Yearly,15,73.3324072980572
906,2085,medium variant,female,5Yearly,20,70.0128741172975
906,2085,medium variant,male,5Yearly,20,68.3563145314533
906,2085,medium variant,female,5Yearly,25,65.0460264237674
906,2085,medium variant,male,5Yearly,25,63.392071414784
906,2085,medium variant,female,5Yearly,30,60.0880520944929
906,2085,medium variant,male,5Yearly,30,58.4344453512137
906,2085,medium variant,female,5Yearly,35,55.1403313647643
906,2085,medium variant,male,5Yearly,35,53.4821809182397
906,2085,medium variant,female,5Yearly,40,50.2082003232979
906,2085,medium variant,male,5Yearly,40,48.540895775754
906,2085,medium variant,female,5Yearly,45,45.2999715245365
906,2085,medium variant,male,5Yearly,45,43.6207144557333
906,2085,medium variant,female,5Yearly,50,40.425533885833
906,2085,medium variant,male,5Yearly,50,38.7365011454204
906,2085,medium variant,female,5Yearly,55,35.5965742468671
906,2085,medium variant,male,5Yearly,55,33.9074535432789
906,2085,medium variant,female,5Yearly,60,30.8322576633164
906,2085,medium variant,male,5Yearly,60,29.1600153570014
906,2085,medium variant,female,5Yearly,65,26.1728023314976
906,2085,medium variant,male,5Yearly,65,24.5380813409901
906,2085,medium variant,female,5Yearly,70,21.679824378594
906,2085,medium variant,male,5Yearly,70,20.1033523113876
906,2085,medium variant,female,5Yearly,75,17.4521696493771
906,2085,medium variant,male,5Yearly,75,15.9683010970565
906,2085,medium variant,female,5Yearly,80,13.5932146365756
906,2085,medium variant,male,5Yearly,80,12.2420893056233
906,2085,medium variant,female,5Yearly,85,10.2115238624768
906,2085,medium variant,male,5Yearly,85,9.03596822836045
906,2085,medium variant,female,5Yearly,90,7.40045882795346
906,2085,medium variant,male,5Yearly,90,6.43569045109507
906,2085,medium variant,female,5Yearly,95,5.2094264880484
906,2085,medium variant,male,5Yearly,95,4.47070828420337
906,2085,medium variant,female,5Yearly,100plus,3.6216795388847
906,2085,medium variant,male,5Yearly,100plus,3.09687423353791
906,2090,medium variant,female,5Yearly,0,90.4349325549136
906,2090,medium variant,male,5Yearly,0,88.8258963414023
906,2090,medium variant,female,5Yearly,1,89.5728984427898
906,2090,medium variant,male,5Yearly,1,87.9318175265904
906,2090,medium variant,female,5Yearly,5,85.5992389189966
906,2090,medium variant,male,5Yearly,5,83.9489663196823
906,2090,medium variant,female,5Yearly,10,80.6179871528425
906,2090,medium variant,male,5Yearly,10,78.9623510828111
906,2090,medium variant,female,5Yearly,15,75.6325478807687
906,2090,medium variant,male,5Yearly,15,73.9756036599739
906,2090,medium variant,female,5Yearly,20,70.6534541752849
906,2090,medium variant,male,5Yearly,20,68.9973262624359
906,2090,medium variant,female,5Yearly,25,65.6838038512825
906,2090,medium variant,male,5Yearly,25,64.0301109031319
906,2090,medium variant,female,5Yearly,30,60.7221305243785
906,2090,medium variant,male,5Yearly,30,59.0686366571261
906,2090,medium variant,female,5Yearly,35,55.7697385256801
906,2090,medium variant,male,5Yearly,35,54.1119753534808
906,2090,medium variant,female,5Yearly,40,50.8315249257607
906,2090,medium variant,male,5Yearly,40,49.1654479639207
906,2090,medium variant,female,5Yearly,45,45.9155804992567
906,2090,medium variant,male,5Yearly,45,44.2384003795312
906,2090,medium variant,female,5Yearly,50,41.0311646879213
906,2090,medium variant,male,5Yearly,50,39.3446503907701
906,2090,medium variant,female,5Yearly,55,36.1890360707717
906,2090,medium variant,male,5Yearly,55,34.5018041747714
906,2090,medium variant,female,5Yearly,60,31.4060797768992
906,2090,medium variant,male,5Yearly,60,29.7341391985883
906,2090,medium variant,female,5Yearly,65,26.7174300633442
906,2090,medium variant,male,5Yearly,65,25.0820844964228
906,2090,medium variant,female,5Yearly,70,22.1825577272978
906,2090,medium variant,male,5Yearly,70,20.6038900134992
906,2090,medium variant,female,5Yearly,75,17.9031965055639
906,2090,medium variant,male,5Yearly,75,16.4100874813162
906,2090,medium variant,female,5Yearly,80,13.9796195616251
906,2090,medium variant,male,5Yearly,80,12.6118040518371
906,2090,medium variant,female,5Yearly,85,10.5232270309128
906,2090,medium variant,male,5Yearly,85,9.32465143719118
906,2090,medium variant,female,5Yearly,90,7.63369504127993
906,2090,medium variant,male,5Yearly,90,6.64248819815643
906,2090,medium variant,female,5Yearly,95,5.36913497974397
906,2090,medium variant,male,5Yearly,95,4.6045625022424
906,2090,medium variant,female,5Yearly,100plus,3.72090010433727
906,2090,medium variant,male,5Yearly,100plus,3.17432694218984
906,2095,medium variant,female,5Yearly,0,91.1241230025366
906,2095,medium variant,male,5Yearly,0,89.420518618813
906,2095,medium variant,female,5Yearly,1,90.2524533683464
906,2095,medium variant,male,5Yearly,1,88.5193187009991
906,2095,medium variant,female,5Yearly,5,86.2770510060981
906,2095,medium variant,male,5Yearly,5,84.535208529351
906,2095,medium variant,female,5Yearly,10,81.2936146912937
906,2095,medium variant,male,5Yearly,10,79.5483618558407
906,2095,medium variant,female,5Yearly,15,76.3069465643459
906,2095,medium variant,male,5Yearly,15,74.5602710435005
906,2095,medium variant,female,5Yearly,20,71.3260627793307
906,2095,medium variant,male,5Yearly,20,69.5804433157747
906,2095,medium variant,female,5Yearly,25,66.3535121518209
906,2095,medium variant,male,5Yearly,25,64.6107777619442
906,2095,medium variant,female,5Yearly,30,61.3881410797596
906,2095,medium variant,male,5Yearly,30,59.6458962137675
906,2095,medium variant,female,5Yearly,35,56.4314700812392
906,2095,medium variant,male,5Yearly,35,54.6851449585953
906,2095,medium variant,female,5Yearly,40,51.4877089895661
906,2095,medium variant,male,5Yearly,40,49.7338359624114
906,2095,medium variant,female,5Yearly,45,46.5640030996226
906,2095,medium variant,male,5Yearly,45,44.8010509876077
906,2095,medium variant,female,5Yearly,50,41.6695113884909
906,2095,medium variant,male,5Yearly,50,39.8992111816184
906,2095,medium variant,female,5Yearly,55,36.8142359005636
906,2095,medium variant,male,5Yearly,55,35.044604544612
906,2095,medium variant,female,5Yearly,60,32.0130220065147
906,2095,medium variant,male,5Yearly,60,30.2595570856474
906,2095,medium variant,female,5Yearly,65,27.2974984929588
906,2095,medium variant,male,5Yearly,65,25.5812241803258
906,2095,medium variant,female,5Yearly,70,22.7204236913763
906,2095,medium variant,male,5Yearly,70,21.0649048040437
906,2095,medium variant,female,5Yearly,75,18.3806214418799
906,2095,medium variant,male,5Yearly,75,16.8190610640486
906,2095,medium variant,female,5Yearly,80,14.3819518081251
906,2095,medium variant,male,5Yearly,80,12.956038687837
906,2095,medium variant,female,5Yearly,85,10.8396234311703
906,2095,medium variant,male,5Yearly,85,9.59504962963956
906,2095,medium variant,female,5Yearly,90,7.8612923479419
906,2095,medium variant,male,5Yearly,90,6.83721972514957
906,2095,medium variant,female,5Yearly,95,5.51566943508983
906,2095,medium variant,male,5Yearly,95,4.7310349505463
906,2095,medium variant,female,5Yearly,100plus,3.80343687879389
906,2095,medium variant,male,5Yearly,100plus,3.2475048721687
